date,book,open,high,low,close,volume,vwap,trade_count,bucket_start_utc
2022-12-19,etoro_nsdq100,11219.7,11303.7,11027.05,11078.8,,,0,2022-12-19T00:00:00Z
2022-12-20,etoro_nsdq100,11084.3,11143.75,10939,11090.2,,,0,2022-12-20T00:00:00Z
2022-12-21,etoro_nsdq100,11107.2,11286.45,11077.15,11248.5,,,0,2022-12-21T00:00:00Z
2022-12-22,etoro_nsdq100,11253.7,11281.6,10779.15,10949.8,,,0,2022-12-22T00:00:00Z
2022-12-23,etoro_nsdq100,10959.1,11049.6,10824.05,10977.3,,,0,2022-12-23T00:00:00Z
2022-12-27,etoro_nsdq100,11042,11089.5,10802.45,10820.1,,,0,2022-12-27T00:00:00Z
2022-12-28,etoro_nsdq100,10820.3,10904.15,10668.95,10694,,,0,2022-12-28T00:00:00Z
2022-12-29,etoro_nsdq100,10702.5,10983.65,10686.8,10941.2,,,0,2022-12-29T00:00:00Z
2022-12-30,etoro_nsdq100,10942.3,10965.8,10767.75,10962.2,,,0,2022-12-30T00:00:00Z
2023-01-03,etoro_nsdq100,11020.7,11094.45,10765.25,10862,,,0,2023-01-03T00:00:00Z
2023-01-04,etoro_nsdq100,10850,10982.15,10780.85,10899.7,,,0,2023-01-04T00:00:00Z
2023-01-05,etoro_nsdq100,10909.5,10961.7,10727.15,10758,,,0,2023-01-05T00:00:00Z
2023-01-06,etoro_nsdq100,10761.9,11086.75,10673.3,11024.5,,,0,2023-01-06T00:00:00Z
2023-01-09,etoro_nsdq100,11065.7,11306.05,11041.2,11105.5,,,0,2023-01-09T00:00:00Z
2023-01-10,etoro_nsdq100,11106,11211.1,11015.9,11204.8,,,0,2023-01-10T00:00:00Z
2023-01-11,etoro_nsdq100,11205.8,11399.45,11162.1,11394.7,,,0,2023-01-11T00:00:00Z
2023-01-12,etoro_nsdq100,11394.7,11501.25,11216.4,11449.8,,,0,2023-01-12T00:00:00Z
2023-01-13,etoro_nsdq100,11448.3,11548.95,11318.2,11530.6,,,0,2023-01-13T00:00:00Z
2023-01-17,etoro_nsdq100,11514.9,11621.65,11467.3,11553.9,,,0,2023-01-17T00:00:00Z
2023-01-18,etoro_nsdq100,11539.6,11690.15,11401.3,11416.2,,,0,2023-01-18T00:00:00Z
2023-01-19,etoro_nsdq100,11410.5,11419.7,11248.35,11328.3,,,0,2023-01-19T00:00:00Z
2023-01-20,etoro_nsdq100,11335.1,11622.55,11301.7,11608.1,,,0,2023-01-20T00:00:00Z
2023-01-23,etoro_nsdq100,11619.6,11921.75,11588.4,11870.6,,,0,2023-01-23T00:00:00Z
2023-01-24,etoro_nsdq100,11869.1,11947.5,11772.5,11909.8,,,0,2023-01-24T00:00:00Z
2023-01-25,etoro_nsdq100,11910.9,11910.9,11547.15,11817.2,,,0,2023-01-25T00:00:00Z
2023-01-26,etoro_nsdq100,11811,12055,11807.4,11999.4,,,0,2023-01-26T00:00:00Z
2023-01-27,etoro_nsdq100,11985.3,12250.15,11958.5,12161.3,,,0,2023-01-27T00:00:00Z
2023-01-30,etoro_nsdq100,12157.9,12192.2,11904.95,11932.9,,,0,2023-01-30T00:00:00Z
2023-01-31,etoro_nsdq100,11934.4,12101.35,11815.4,12061.8,,,0,2023-01-31T00:00:00Z
2023-02-01,etoro_nsdq100,12057.3,12470.5,12004.45,12453.2,,,0,2023-02-01T00:00:00Z
2023-02-02,etoro_nsdq100,12484.9,12893.9,12449.3,12623.2,,,0,2023-02-02T00:00:00Z
2023-02-03,etoro_nsdq100,12683.5,12827.75,12498,12560,,,0,2023-02-03T00:00:00Z
2023-02-06,etoro_nsdq100,12533,12555.85,12405.65,12464.7,,,0,2023-02-06T00:00:00Z
2023-02-07,etoro_nsdq100,12467.8,12774.95,12416.65,12699.9,,,0,2023-02-07T00:00:00Z
2023-02-08,etoro_nsdq100,12707.5,12763.5,12467.95,12512.5,,,0,2023-02-08T00:00:00Z
2023-02-09,etoro_nsdq100,12506,12681.05,12326.35,12403.9,,,0,2023-02-09T00:00:00Z
2023-02-10,etoro_nsdq100,12389.9,12406,12201.65,12298.9,,,0,2023-02-10T00:00:00Z
2023-02-13,etoro_nsdq100,12293.6,12523.95,12222.1,12500.8,,,0,2023-02-13T00:00:00Z
2023-02-14,etoro_nsdq100,12494.9,12639,12347.35,12572.8,,,0,2023-02-14T00:00:00Z
2023-02-15,etoro_nsdq100,12567.6,12709.9,12483.05,12699.8,,,0,2023-02-15T00:00:00Z
2023-02-16,etoro_nsdq100,12692.3,12746,12416.5,12427.4,,,0,2023-02-16T00:00:00Z
2023-02-17,etoro_nsdq100,12411,12413.6,12231.25,12349.9,,,0,2023-02-17T00:00:00Z
2023-02-21,etoro_nsdq100,12334.3,12342.8,12057.85,12077.3,,,0,2023-02-21T00:00:00Z
2023-02-22,etoro_nsdq100,12075.2,12158.75,12000.35,12131.7,,,0,2023-02-22T00:00:00Z
2023-02-23,etoro_nsdq100,12137.7,12227.7,12001.95,12164.6,,,0,2023-02-23T00:00:00Z
2023-02-24,etoro_nsdq100,12159.7,12184.7,11893.65,11975.8,,,0,2023-02-24T00:00:00Z
2023-02-27,etoro_nsdq100,11970.6,12161.95,11963.4,12064.5,,,0,2023-02-27T00:00:00Z
2023-02-28,etoro_nsdq100,12077.8,12146.15,12000.8,12016.3,,,0,2023-02-28T00:00:00Z
2023-03-01,etoro_nsdq100,12012.9,12115.9,11902.05,11958.5,,,0,2023-03-01T00:00:00Z
2023-03-02,etoro_nsdq100,11943.4,12073.85,11807.5,12032.4,,,0,2023-03-02T00:00:00Z
2023-03-03,etoro_nsdq100,12021.4,12304.2,11990.3,12301.6,,,0,2023-03-03T00:00:00Z
2023-03-06,etoro_nsdq100,12274.4,12466.35,12255.5,12302.6,,,0,2023-03-06T00:00:00Z
2023-03-07,etoro_nsdq100,12297.9,12362.7,12127.95,12156.4,,,0,2023-03-07T00:00:00Z
2023-03-08,etoro_nsdq100,12158,12239.95,12094.75,12220.9,,,0,2023-03-08T00:00:00Z
2023-03-09,etoro_nsdq100,12215.4,12338.05,11966.75,11997.5,,,0,2023-03-09T00:00:00Z
2023-03-10,etoro_nsdq100,11979.5,12096.9,11788.75,11839.1,,,0,2023-03-10T00:00:00Z
2023-03-13,etoro_nsdq100,11869.2,12085.2,11675.9,11937.2,,,0,2023-03-13T00:00:00Z
2023-03-14,etoro_nsdq100,11939.6,12216.65,11892.8,12195.3,,,0,2023-03-14T00:00:00Z
2023-03-15,etoro_nsdq100,12194,12274.15,11959.2,12261.4,,,0,2023-03-15T00:00:00Z
2023-03-16,etoro_nsdq100,12256.2,12595.15,12181.25,12573,,,0,2023-03-16T00:00:00Z
2023-03-17,etoro_nsdq100,12557.9,12671.75,12438.95,12527.5,,,0,2023-03-17T00:00:00Z
2023-03-20,etoro_nsdq100,12573.4,12604.1,12396.5,12568.1,,,0,2023-03-20T00:00:00Z
2023-03-21,etoro_nsdq100,12558.6,12762.15,12543.8,12741.3,,,0,2023-03-21T00:00:00Z
2023-03-22,etoro_nsdq100,12732.6,12945.95,12543.1,12564.6,,,0,2023-03-22T00:00:00Z
2023-03-23,etoro_nsdq100,12569.3,12895.35,12568.2,12743.4,,,0,2023-03-23T00:00:00Z
2023-03-24,etoro_nsdq100,12749.5,12790.8,12599.25,12782.1,,,0,2023-03-24T00:00:00Z
2023-03-27,etoro_nsdq100,12786.8,12849.2,12641.85,12689.9,,,0,2023-03-27T00:00:00Z
2023-03-28,etoro_nsdq100,12687.5,12710.8,12515.25,12627.9,,,0,2023-03-28T00:00:00Z
2023-03-29,etoro_nsdq100,12626.6,12866.75,12621.6,12835.1,,,0,2023-03-29T00:00:00Z
2023-03-30,etoro_nsdq100,12836.3,12990.15,12806.6,12967.2,,,0,2023-03-30T00:00:00Z
2023-03-31,etoro_nsdq100,12950.6,13187.45,12938.4,13183.7,,,0,2023-03-31T00:00:00Z
2023-04-03,etoro_nsdq100,13140.7,13157.55,13033.55,13138,,,0,2023-04-03T00:00:00Z
2023-04-04,etoro_nsdq100,13128.5,13225.2,13047.55,13109.2,,,0,2023-04-04T00:00:00Z
2023-04-05,etoro_nsdq100,13109.6,13125.6,12893.25,12958.5,,,0,2023-04-05T00:00:00Z
2023-04-06,etoro_nsdq100,12953.2,13077.75,12841.75,13050.2,,,0,2023-04-06T00:00:00Z
2023-04-10,etoro_nsdq100,13054.6,13090.2,12855.85,13054.7,,,0,2023-04-10T00:00:00Z
2023-04-11,etoro_nsdq100,13049.2,13095.9,12945.15,12971.1,,,0,2023-04-11T00:00:00Z
2023-04-12,etoro_nsdq100,12968.8,13130.5,12829.25,12849.4,,,0,2023-04-12T00:00:00Z
2023-04-13,etoro_nsdq100,12845.7,13123.25,12816.9,13077.3,,,0,2023-04-13T00:00:00Z
2023-04-14,etoro_nsdq100,13074.4,13150.25,12953.85,13098.7,,,0,2023-04-14T00:00:00Z
2023-04-17,etoro_nsdq100,13104.3,13116.2,12978.15,13082.6,,,0,2023-04-17T00:00:00Z
2023-04-18,etoro_nsdq100,13079.8,13197.9,13040.65,13090.1,,,0,2023-04-18T00:00:00Z
2023-04-19,etoro_nsdq100,13082,13128.55,12967.4,13070.4,,,0,2023-04-19T00:00:00Z
2023-04-20,etoro_nsdq100,13064.5,13102.15,12927.9,12999,,,0,2023-04-20T00:00:00Z
2023-04-21,etoro_nsdq100,12992.7,13031.75,12891.55,12984.8,,,0,2023-04-21T00:00:00Z
2023-04-24,etoro_nsdq100,12975.7,13047.55,12879.75,12962.5,,,0,2023-04-24T00:00:00Z
2023-04-25,etoro_nsdq100,12958.2,12971.9,12719.1,12835,,,0,2023-04-25T00:00:00Z
2023-04-26,etoro_nsdq100,12843,12928.85,12780.85,12875.2,,,0,2023-04-26T00:00:00Z
2023-04-27,etoro_nsdq100,12880.7,13253.6,12853.2,13182.7,,,0,2023-04-27T00:00:00Z
2023-04-28,etoro_nsdq100,13135.9,13258.2,13092.9,13248,,,0,2023-04-28T00:00:00Z
2023-05-01,etoro_nsdq100,13231.4,13288.9,13184.15,13211.3,,,0,2023-05-01T00:00:00Z
2023-05-02,etoro_nsdq100,13205.8,13258.9,13040.75,13097.1,,,0,2023-05-02T00:00:00Z
2023-05-03,etoro_nsdq100,13088.3,13235.65,13008.6,13013,,,0,2023-05-03T00:00:00Z
2023-05-04,etoro_nsdq100,13000.3,13099.3,12937.45,12978.7,,,0,2023-05-04T00:00:00Z
2023-05-05,etoro_nsdq100,12995,13291.75,12988.7,13248.8,,,0,2023-05-05T00:00:00Z
2023-05-08,etoro_nsdq100,13243.6,13303.75,13192.15,13273.3,,,0,2023-05-08T00:00:00Z
2023-05-09,etoro_nsdq100,13267,13282.5,13190.85,13196.7,,,0,2023-05-09T00:00:00Z
2023-05-10,etoro_nsdq100,13191.8,13384.45,13138.8,13345.5,,,0,2023-05-10T00:00:00Z
2023-05-11,etoro_nsdq100,13342,13412.55,13298.15,13387.3,,,0,2023-05-11T00:00:00Z
2023-05-12,etoro_nsdq100,13385.9,13433.7,13252.65,13317.8,,,0,2023-05-12T00:00:00Z
2023-05-15,etoro_nsdq100,13314,13420.35,13290.7,13406.4,,,0,2023-05-15T00:00:00Z
2023-05-16,etoro_nsdq100,13403.6,13499.05,13369.8,13443.1,,,0,2023-05-16T00:00:00Z
2023-05-17,etoro_nsdq100,13440.2,13608.55,13413.3,13581.4,,,0,2023-05-17T00:00:00Z
2023-05-18,etoro_nsdq100,13579.4,13856.6,13568.7,13854.6,,,0,2023-05-18T00:00:00Z
2023-05-19,etoro_nsdq100,13849.3,13903.6,13760.05,13778.3,,,0,2023-05-19T00:00:00Z
2023-05-22,etoro_nsdq100,13763.7,13891.15,13758,13858.6,,,0,2023-05-22T00:00:00Z
2023-05-23,etoro_nsdq100,13859.5,13923.5,13660.85,13684.3,,,0,2023-05-23T00:00:00Z
2023-05-24,etoro_nsdq100,13684.2,13795.1,13519.25,13794.8,,,0,2023-05-24T00:00:00Z
2023-05-25,etoro_nsdq100,13828.7,13989.75,13753.7,13940.2,,,0,2023-05-25T00:00:00Z
2023-05-26,etoro_nsdq100,13939.3,14327.35,13884.1,14317.9,,,0,2023-05-26T00:00:00Z
2023-05-30,etoro_nsdq100,14360.6,14528.9,14298.25,14370.6,,,0,2023-05-30T00:00:00Z
2023-05-31,etoro_nsdq100,14351.1,14389.1,14214.35,14251.8,,,0,2023-05-31T00:00:00Z
2023-06-01,etoro_nsdq100,14254.3,14493.25,14207.2,14462.4,,,0,2023-06-01T00:00:00Z
2023-06-02,etoro_nsdq100,14456.9,14593.15,14436.15,14552.8,,,0,2023-06-02T00:00:00Z
2023-06-05,etoro_nsdq100,14526.9,14662.45,14481.2,14553.3,,,0,2023-06-05T00:00:00Z
2023-06-06,etoro_nsdq100,14547,14594.25,14473.95,14564.1,,,0,2023-06-06T00:00:00Z
2023-06-07,etoro_nsdq100,14564.7,14645.95,14281.15,14293.3,,,0,2023-06-07T00:00:00Z
2023-06-08,etoro_nsdq100,14298.5,14506.8,14232,14501,,,0,2023-06-08T00:00:00Z
2023-06-09,etoro_nsdq100,14493.6,14672.05,14440.6,14555.7,,,0,2023-06-09T00:00:00Z
2023-06-12,etoro_nsdq100,14543.2,14811.3,14540.3,14810.5,,,0,2023-06-12T00:00:00Z
2023-06-13,etoro_nsdq100,14800.4,14952.5,14768.85,14913.7,,,0,2023-06-13T00:00:00Z
2023-06-14,etoro_nsdq100,14918.7,15046,14778.85,15033.5,,,0,2023-06-14T00:00:00Z
2023-06-15,etoro_nsdq100,15023,15249.35,14869.1,15178.8,,,0,2023-06-15T00:00:00Z
2023-06-16,etoro_nsdq100,15167.1,15282.55,15072.35,15120.4,,,0,2023-06-16T00:00:00Z
2023-06-20,etoro_nsdq100,15061.4,15136.55,14945.15,15060.2,,,0,2023-06-20T00:00:00Z
2023-06-21,etoro_nsdq100,15067.3,15088.2,14823.55,14858.5,,,0,2023-06-21T00:00:00Z
2023-06-22,etoro_nsdq100,14867.2,15063.2,14786.45,15060.2,,,0,2023-06-22T00:00:00Z
2023-06-23,etoro_nsdq100,15055.5,15058.8,14817.45,14880.5,,,0,2023-06-23T00:00:00Z
2023-06-26,etoro_nsdq100,14885.4,14984.15,14686.85,14704.5,,,0,2023-06-26T00:00:00Z
2023-06-27,etoro_nsdq100,14712.9,14969.35,14697.8,14924.8,,,0,2023-06-27T00:00:00Z
2023-06-28,etoro_nsdq100,14924,15051.45,14856.9,14990.2,,,0,2023-06-28T00:00:00Z
2023-06-29,etoro_nsdq100,14995,15037.4,14870.95,14949.5,,,0,2023-06-29T00:00:00Z
2023-06-30,etoro_nsdq100,14941.6,15217.75,14939.4,15153.6,,,0,2023-06-30T00:00:00Z
2023-07-03,etoro_nsdq100,15180.2,15237.6,15153.95,15200.65,,,0,2023-07-03T00:00:00Z
2023-07-05,etoro_nsdq100,15196.4,15280.15,15104.2,15198.5,,,0,2023-07-05T00:00:00Z
2023-07-06,etoro_nsdq100,15203.8,15211.1,14969.65,15075.6,,,0,2023-07-06T00:00:00Z
2023-07-07,etoro_nsdq100,15073.9,15210.45,15027.65,15053.2,,,0,2023-07-07T00:00:00Z
2023-07-10,etoro_nsdq100,15046.1,15075.75,14919.15,15049.5,,,0,2023-07-10T00:00:00Z
2023-07-11,etoro_nsdq100,15047.3,15136.25,14969.65,15121.8,,,0,2023-07-11T00:00:00Z
2023-07-12,etoro_nsdq100,15118.9,15363.05,15115.3,15317.3,,,0,2023-07-12T00:00:00Z
2023-07-13,etoro_nsdq100,15319.1,15602.95,15318.8,15562,,,0,2023-07-13T00:00:00Z
2023-07-14,etoro_nsdq100,15566.1,15721.65,15527.35,15558.2,,,0,2023-07-14T00:00:00Z
2023-07-17,etoro_nsdq100,15545.6,15746.75,15528.1,15689.9,,,0,2023-07-17T00:00:00Z
2023-07-18,etoro_nsdq100,15697.2,15897.25,15600.15,15815.4,,,0,2023-07-18T00:00:00Z
2023-07-19,etoro_nsdq100,15818.8,15930.55,15779.85,15809.1,,,0,2023-07-19T00:00:00Z
2023-07-20,etoro_nsdq100,15790.8,15794.9,15428.25,15480.9,,,0,2023-07-20T00:00:00Z
2023-07-21,etoro_nsdq100,15473.6,15601.15,15405.95,15430.6,,,0,2023-07-21T00:00:00Z
2023-07-24,etoro_nsdq100,15446.6,15508.25,15371.25,15458.3,,,0,2023-07-24T00:00:00Z
2023-07-25,etoro_nsdq100,15454.8,15624.25,15437.7,15606.6,,,0,2023-07-25T00:00:00Z
2023-07-26,etoro_nsdq100,15607.1,15627,15406.55,15514.9,,,0,2023-07-26T00:00:00Z
2023-07-27,etoro_nsdq100,15534.1,15796.05,15411.65,15484.3,,,0,2023-07-27T00:00:00Z
2023-07-28,etoro_nsdq100,15478.1,15787.25,15447,15738.4,,,0,2023-07-28T00:00:00Z
2023-07-31,etoro_nsdq100,15740.7,15813.6,15689.3,15769.8,,,0,2023-07-31T00:00:00Z
2023-08-01,etoro_nsdq100,15775.1,15791.2,15632.95,15710.2,,,0,2023-08-01T00:00:00Z
2023-08-02,etoro_nsdq100,15600.4,15692,15321.15,15357.6,,,0,2023-08-02T00:00:00Z
2023-08-03,etoro_nsdq100,15367.4,15463.1,15247.2,15362.9,,,0,2023-08-03T00:00:00Z
2023-08-04,etoro_nsdq100,15363.7,15527.25,15256.55,15285.4,,,0,2023-08-04T00:00:00Z
2023-08-07,etoro_nsdq100,15307.8,15413.3,15253.05,15409.5,,,0,2023-08-07T00:00:00Z
2023-08-08,etoro_nsdq100,15415.3,15415.5,15145.35,15273.8,,,0,2023-08-08T00:00:00Z
2023-08-09,etoro_nsdq100,15279.4,15356.4,15073.55,15125.7,,,0,2023-08-09T00:00:00Z
2023-08-10,etoro_nsdq100,15128.7,15365.65,15068.25,15144.2,,,0,2023-08-10T00:00:00Z
2023-08-11,etoro_nsdq100,15149.7,15196.2,14966.45,15036.7,,,0,2023-08-11T00:00:00Z
2023-08-14,etoro_nsdq100,15040.6,15213.4,14958.4,15213.4,,,0,2023-08-14T00:00:00Z
2023-08-15,etoro_nsdq100,15213.7,15267.1,15012.05,15043.7,,,0,2023-08-15T00:00:00Z
2023-08-16,etoro_nsdq100,15051.9,15099.3,14855.2,14871.2,,,0,2023-08-16T00:00:00Z
2023-08-17,etoro_nsdq100,14881.9,14952.6,14678.7,14683.7,,,0,2023-08-17T00:00:00Z
2023-08-18,etoro_nsdq100,14695.6,14746.05,14552.05,14693.6,,,0,2023-08-18T00:00:00Z
2023-08-21,etoro_nsdq100,14718.4,14959.05,14668.1,14917.8,,,0,2023-08-21T00:00:00Z
2023-08-22,etoro_nsdq100,14918.8,15065.3,14880.35,14912,,,0,2023-08-22T00:00:00Z
2023-08-23,etoro_nsdq100,14917.5,15296.9,14908,15295.3,,,0,2023-08-23T00:00:00Z
2023-08-24,etoro_nsdq100,15283.5,15368,14772.2,14787.5,,,0,2023-08-24T00:00:00Z
2023-08-25,etoro_nsdq100,14806.7,15003.05,14710.85,14933.1,,,0,2023-08-25T00:00:00Z
2023-08-28,etoro_nsdq100,14968.7,15087.35,14935.7,15059,,,0,2023-08-28T00:00:00Z
2023-08-29,etoro_nsdq100,15064.9,15389.55,15010.2,15385.9,,,0,2023-08-29T00:00:00Z
2023-08-30,etoro_nsdq100,15387.9,15481.85,15322.7,15473.1,,,0,2023-08-30T00:00:00Z
2023-08-31,etoro_nsdq100,15469.7,15575.05,15420.7,15504.4,,,0,2023-08-31T00:00:00Z
2023-09-01,etoro_nsdq100,15498.5,15627.4,15425.25,15487.9,,,0,2023-09-01T00:00:00Z
2023-09-05,etoro_nsdq100,15503.8,15557.95,15395.6,15487.3,,,0,2023-09-05T00:00:00Z
2023-09-06,etoro_nsdq100,15486,15503.3,15286.15,15362,,,0,2023-09-06T00:00:00Z
2023-09-07,etoro_nsdq100,15365,15371.3,15133.55,15268.2,,,0,2023-09-07T00:00:00Z
2023-09-08,etoro_nsdq100,15271.5,15374.85,15207.1,15309.5,,,0,2023-09-08T00:00:00Z
2023-09-11,etoro_nsdq100,15297.9,15482.55,15288.3,15455.8,,,0,2023-09-11T00:00:00Z
2023-09-12,etoro_nsdq100,15449.3,15465.3,15276.85,15296.6,,,0,2023-09-12T00:00:00Z
2023-09-13,etoro_nsdq100,15300.1,15414.25,15200.2,15362.3,,,0,2023-09-13T00:00:00Z
2023-09-14,etoro_nsdq100,15362.5,15513.45,15330.75,15480.7,,,0,2023-09-14T00:00:00Z
2023-09-15,etoro_nsdq100,15475.6,15519,15170.45,15201.5,,,0,2023-09-15T00:00:00Z
2023-09-18,etoro_nsdq100,15199.5,15269.25,15146.3,15235.9,,,0,2023-09-18T00:00:00Z
2023-09-19,etoro_nsdq100,15237.3,15253.5,15064.75,15194.2,,,0,2023-09-19T00:00:00Z
2023-09-20,etoro_nsdq100,15190.2,15247.2,14946.8,14953.3,,,0,2023-09-20T00:00:00Z
2023-09-21,etoro_nsdq100,14964.3,14966,14670.1,14676.6,,,0,2023-09-21T00:00:00Z
2023-09-22,etoro_nsdq100,14691.5,14858.35,14667.4,14714.3,,,0,2023-09-22T00:00:00Z
2023-09-25,etoro_nsdq100,14726.3,14787.5,14619.05,14783.7,,,0,2023-09-25T00:00:00Z
2023-09-26,etoro_nsdq100,14776.5,14780.4,14503.85,14563,,,0,2023-09-26T00:00:00Z
2023-09-27,etoro_nsdq100,14563.7,14662.45,14429.05,14611.7,,,0,2023-09-27T00:00:00Z
2023-09-28,etoro_nsdq100,14607.4,14789.55,14498.55,14722.8,,,0,2023-09-28T00:00:00Z
2023-09-29,etoro_nsdq100,14724.3,14903.55,14660.95,14747.6,,,0,2023-09-29T00:00:00Z
2023-10-02,etoro_nsdq100,14835.9,14895.15,14677.7,14839.5,,,0,2023-10-02T00:00:00Z
2023-10-03,etoro_nsdq100,14833.2,14874.3,14504.05,14564.4,,,0,2023-10-03T00:00:00Z
2023-10-04,etoro_nsdq100,14563.7,14804.85,14441,14751.5,,,0,2023-10-04T00:00:00Z
2023-10-05,etoro_nsdq100,14749,14809.6,14579.55,14720.1,,,0,2023-10-05T00:00:00Z
2023-10-06,etoro_nsdq100,14716.1,15020.95,14519.9,14991.4,,,0,2023-10-06T00:00:00Z
2023-10-09,etoro_nsdq100,14891.4,15070.75,14814.65,15051.9,,,0,2023-10-09T00:00:00Z
2023-10-10,etoro_nsdq100,15050.8,15241.25,15033.2,15141.5,,,0,2023-10-10T00:00:00Z
2023-10-11,etoro_nsdq100,15144.3,15278.4,15115.55,15273.2,,,0,2023-10-11T00:00:00Z
2023-10-12,etoro_nsdq100,15264.9,15338.35,15085.75,15191.3,,,0,2023-10-12T00:00:00Z
2023-10-13,etoro_nsdq100,15190.9,15238.35,14938.85,14982.1,,,0,2023-10-13T00:00:00Z
2023-10-16,etoro_nsdq100,15012.2,15210.25,14961.9,15179.3,,,0,2023-10-16T00:00:00Z
2023-10-17,etoro_nsdq100,15180.1,15187.95,14931.05,15118.2,,,0,2023-10-17T00:00:00Z
2023-10-18,etoro_nsdq100,15111.2,15113.7,14862.75,14943.9,,,0,2023-10-18T00:00:00Z
2023-10-19,etoro_nsdq100,14933.4,15026.85,14732,14739.2,,,0,2023-10-19T00:00:00Z
2023-10-20,etoro_nsdq100,14743.9,14781.3,14545.5,14553.9,,,0,2023-10-20T00:00:00Z
2023-10-23,etoro_nsdq100,14575.5,14751.25,14418.45,14644.3,,,0,2023-10-23T00:00:00Z
2023-10-24,etoro_nsdq100,14643.2,14847.5,14606.65,14726.8,,,0,2023-10-24T00:00:00Z
2023-10-25,etoro_nsdq100,14730.3,14755.9,14356.2,14372,,,0,2023-10-25T00:00:00Z
2023-10-26,etoro_nsdq100,14332.7,14371.85,14054.15,14124.8,,,0,2023-10-26T00:00:00Z
2023-10-27,etoro_nsdq100,14195.6,14323.95,14126.85,14185.3,,,0,2023-10-27T00:00:00Z
2023-10-30,etoro_nsdq100,14239.4,14390.45,14219.9,14325,,,0,2023-10-30T00:00:00Z
2023-10-31,etoro_nsdq100,14324.2,14420.55,14229.35,14368.5,,,0,2023-10-31T00:00:00Z
2023-11-01,etoro_nsdq100,14391.1,14677.05,14331.5,14674.2,,,0,2023-11-01T00:00:00Z
2023-11-02,etoro_nsdq100,14677.1,14934.5,14675.8,14886.6,,,0,2023-11-02T00:00:00Z
2023-11-03,etoro_nsdq100,14862.2,15148.25,14853.9,15105.9,,,0,2023-11-03T00:00:00Z
2023-11-06,etoro_nsdq100,15119.3,15178.95,15059.25,15146.7,,,0,2023-11-06T00:00:00Z
2023-11-07,etoro_nsdq100,15137.2,15334.75,15101.1,15300,,,0,2023-11-07T00:00:00Z
2023-11-08,etoro_nsdq100,15291.8,15343.55,15214.85,15284.9,,,0,2023-11-08T00:00:00Z
2023-11-09,etoro_nsdq100,15274.7,15384.85,15169.25,15186.4,,,0,2023-11-09T00:00:00Z
2023-11-10,etoro_nsdq100,15176.3,15539.6,15137.9,15537.2,,,0,2023-11-10T00:00:00Z
2023-11-13,etoro_nsdq100,15524.6,15525.6,15398.45,15489.8,,,0,2023-11-13T00:00:00Z
2023-11-14,etoro_nsdq100,15487.5,15849.85,15485.3,15822,,,0,2023-11-14T00:00:00Z
2023-11-15,etoro_nsdq100,15824.6,15976.4,15760.3,15775.3,,,0,2023-11-15T00:00:00Z
2023-11-16,etoro_nsdq100,15777.9,15841.35,15734.25,15833.3,,,0,2023-11-16T00:00:00Z
2023-11-17,etoro_nsdq100,15829,15878.65,15766.35,15824.9,,,0,2023-11-17T00:00:00Z
2023-11-20,etoro_nsdq100,15833.4,16056.55,15779.2,16029.2,,,0,2023-11-20T00:00:00Z
2023-11-21,etoro_nsdq100,16025.6,16064.4,15857.7,15913.4,,,0,2023-11-21T00:00:00Z
2023-11-22,etoro_nsdq100,15908.6,16123.65,15889.9,15997.6,,,0,2023-11-22T00:00:00Z
2023-11-24,etoro_nsdq100,16019.8,16023.1,15938.55,15967.55,,,0,2023-11-24T00:00:00Z
2023-11-27,etoro_nsdq100,15948.8,16046.25,15896.8,15961.1,,,0,2023-11-27T00:00:00Z
2023-11-28,etoro_nsdq100,15967.8,16030.45,15903.4,16009.6,,,0,2023-11-28T00:00:00Z
2023-11-29,etoro_nsdq100,16008.4,16166.15,15975.15,15999.4,,,0,2023-11-29T00:00:00Z
2023-11-30,etoro_nsdq100,16000,16062.7,15822.25,15921.7,,,0,2023-11-30T00:00:00Z
2023-12-01,etoro_nsdq100,15919,16016.65,15831.35,15998.4,,,0,2023-12-01T00:00:00Z
2023-12-04,etoro_nsdq100,15985.8,15986.1,15690.65,15825.6,,,0,2023-12-04T00:00:00Z
2023-12-05,etoro_nsdq100,15825.1,15932.35,15730.5,15870.7,,,0,2023-12-05T00:00:00Z
2023-12-06,etoro_nsdq100,15867.6,16009.8,15775.85,15788.5,,,0,2023-12-06T00:00:00Z
2023-12-07,etoro_nsdq100,15778.9,16044.65,15769.1,15994.9,,,0,2023-12-07T00:00:00Z
2023-12-08,etoro_nsdq100,16006.4,16102.05,15872.2,16076.1,,,0,2023-12-08T00:00:00Z
2023-12-11,etoro_nsdq100,16071.6,16231.55,16030.5,16226.4,,,0,2023-12-11T00:00:00Z
2023-12-12,etoro_nsdq100,16220.5,16374.6,16175.45,16371.3,,,0,2023-12-12T00:00:00Z
2023-12-13,etoro_nsdq100,16365.3,16583.95,16355.35,16537.7,,,0,2023-12-13T00:00:00Z
2023-12-14,etoro_nsdq100,16559.6,16665.8,16416.95,16530.8,,,0,2023-12-14T00:00:00Z
2023-12-15,etoro_nsdq100,16529.3,16677.85,16521.3,16606.7,,,0,2023-12-15T00:00:00Z
2023-12-18,etoro_nsdq100,16618.3,16764.35,16590.3,16709,,,0,2023-12-18T00:00:00Z
2023-12-19,etoro_nsdq100,16710.2,16817.2,16699.8,16811.9,,,0,2023-12-19T00:00:00Z
2023-12-20,etoro_nsdq100,16814.2,16862.35,16550.2,16581.8,,,0,2023-12-20T00:00:00Z
2023-12-21,etoro_nsdq100,16587.1,16769.8,16587.1,16748.6,,,0,2023-12-21T00:00:00Z
2023-12-22,etoro_nsdq100,16737.1,16842.15,16694.5,16766.4,,,0,2023-12-22T00:00:00Z
2023-12-26,etoro_nsdq100,16788.9,16909.45,16786.5,16883.2,,,0,2023-12-26T00:00:00Z
2023-12-27,etoro_nsdq100,16887,16931.9,16855.75,16929.2,,,0,2023-12-27T00:00:00Z
2023-12-28,etoro_nsdq100,16920.8,16977.3,16889.55,16900.8,,,0,2023-12-28T00:00:00Z
2023-12-29,etoro_nsdq100,16898.3,16942.9,16752.35,16819.2,,,0,2023-12-29T00:00:00Z
2024-01-02,etoro_nsdq100,16827.1,16849.5,16447.95,16551.7,,,0,2024-01-02T00:00:00Z
2024-01-03,etoro_nsdq100,16559.8,16560.6,16351.15,16367.4,,,0,2024-01-03T00:00:00Z
2024-01-04,etoro_nsdq100,16390,16423,16274.95,16286.1,,,0,2024-01-04T00:00:00Z
2024-01-05,etoro_nsdq100,16300.4,16418.95,16176.5,16302.9,,,0,2024-01-05T00:00:00Z
2024-01-08,etoro_nsdq100,16315.7,16652.75,16221.8,16629.5,,,0,2024-01-08T00:00:00Z
2024-01-09,etoro_nsdq100,16627.4,16714.35,16502.4,16671.9,,,0,2024-01-09T00:00:00Z
2024-01-10,etoro_nsdq100,16669.3,16829.05,16651.8,16804.1,,,0,2024-01-10T00:00:00Z
2024-01-11,etoro_nsdq100,16800.1,16905.4,16612.65,16813.2,,,0,2024-01-11T00:00:00Z
2024-01-12,etoro_nsdq100,16804.1,16901.05,16724.6,16811.4,,,0,2024-01-12T00:00:00Z
2024-01-16,etoro_nsdq100,16821.7,16895.95,16672.4,16840.3,,,0,2024-01-16T00:00:00Z
2024-01-17,etoro_nsdq100,16839.3,16845.3,16557.65,16724.7,,,0,2024-01-17T00:00:00Z
2024-01-18,etoro_nsdq100,16719.7,16995.85,16700.5,16986.9,,,0,2024-01-18T00:00:00Z
2024-01-19,etoro_nsdq100,16984.1,17333.3,16980.2,17332.8,,,0,2024-01-19T00:00:00Z
2024-01-22,etoro_nsdq100,17355.8,17450.85,17302.25,17329.1,,,0,2024-01-22T00:00:00Z
2024-01-23,etoro_nsdq100,17322.9,17431.4,17284.95,17426.7,,,0,2024-01-23T00:00:00Z
2024-01-24,etoro_nsdq100,17436.4,17666.95,17434.3,17502.1,,,0,2024-01-24T00:00:00Z
2024-01-25,etoro_nsdq100,17491.6,17632.95,17423.25,17469,,,0,2024-01-25T00:00:00Z
2024-01-26,etoro_nsdq100,17444,17516.35,17351.8,17396.8,,,0,2024-01-26T00:00:00Z
2024-01-29,etoro_nsdq100,17360.5,17602.25,17349.3,17590.2,,,0,2024-01-29T00:00:00Z
2024-01-30,etoro_nsdq100,17599.6,17625.4,17358.9,17362,,,0,2024-01-30T00:00:00Z
2024-01-31,etoro_nsdq100,17335,17377.55,17117.7,17161.5,,,0,2024-01-31T00:00:00Z
2024-02-01,etoro_nsdq100,17167.5,17547.5,17164.9,17533.4,,,0,2024-02-01T00:00:00Z
2024-02-02,etoro_nsdq100,17501.4,17680.55,17372.85,17619.5,,,0,2024-02-02T00:00:00Z
2024-02-05,etoro_nsdq100,17623.9,17653.35,17463.35,17610.3,,,0,2024-02-05T00:00:00Z
2024-02-06,etoro_nsdq100,17618.2,17678.1,17472.45,17561.2,,,0,2024-02-06T00:00:00Z
2024-02-07,etoro_nsdq100,17568.7,17785.85,17544.8,17767.9,,,0,2024-02-07T00:00:00Z
2024-02-08,etoro_nsdq100,17763.9,17813.25,17709.4,17778.2,,,0,2024-02-08T00:00:00Z
2024-02-09,etoro_nsdq100,17777.8,17988.05,17771.7,17949.8,,,0,2024-02-09T00:00:00Z
2024-02-12,etoro_nsdq100,17945,18041.75,17833.7,17851.9,,,0,2024-02-12T00:00:00Z
2024-02-13,etoro_nsdq100,17852,17888.3,17476.55,17625.3,,,0,2024-02-13T00:00:00Z
2024-02-14,etoro_nsdq100,17617.3,17813.05,17598.3,17797.2,,,0,2024-02-14T00:00:00Z
2024-02-15,etoro_nsdq100,17800.6,17900,17717.95,17890.9,,,0,2024-02-15T00:00:00Z
2024-02-16,etoro_nsdq100,17891.2,17960.6,17652.2,17658.7,,,0,2024-02-16T00:00:00Z
2024-02-20,etoro_nsdq100,17720.7,17723.6,17394.65,17519.8,,,0,2024-02-20T00:00:00Z
2024-02-21,etoro_nsdq100,17512.2,17636.5,17313.25,17636.5,,,0,2024-02-21T00:00:00Z
2024-02-22,etoro_nsdq100,17642.6,18034.45,17618.8,17972.7,,,0,2024-02-22T00:00:00Z
2024-02-23,etoro_nsdq100,17985.8,18095.65,17897.95,17918.3,,,0,2024-02-23T00:00:00Z
2024-02-26,etoro_nsdq100,17906.3,18012.35,17874.3,17904.8,,,0,2024-02-26T00:00:00Z
2024-02-27,etoro_nsdq100,17897,17996.5,17865.45,17967.6,,,0,2024-02-27T00:00:00Z
2024-02-28,etoro_nsdq100,17970.1,17975.6,17800.6,17815.7,,,0,2024-02-28T00:00:00Z
2024-02-29,etoro_nsdq100,17831.3,18067.35,17789.2,18026.5,,,0,2024-02-29T00:00:00Z
2024-03-01,etoro_nsdq100,18035.5,18332.85,17991.9,18283.6,,,0,2024-03-01T00:00:00Z
2024-03-04,etoro_nsdq100,18315,18341,18200.3,18209.7,,,0,2024-03-04T00:00:00Z
2024-03-05,etoro_nsdq100,18215,18217.6,17803.25,17953.7,,,0,2024-03-05T00:00:00Z
2024-03-06,etoro_nsdq100,17947.4,18146.15,17913.7,18009.5,,,0,2024-03-06T00:00:00Z
2024-03-07,etoro_nsdq100,18013.7,18337.75,17894.9,18231.3,,,0,2024-03-07T00:00:00Z
2024-03-08,etoro_nsdq100,18257.4,18416.75,17994.45,18040,,,0,2024-03-08T00:00:00Z
2024-03-11,etoro_nsdq100,18023.3,18036.7,17874.95,17981.9,,,0,2024-03-11T00:00:00Z
2024-03-12,etoro_nsdq100,17995.2,18228.55,17912.45,18212.4,,,0,2024-03-12T00:00:00Z
2024-03-13,etoro_nsdq100,18205.8,18247,18025.05,18093.5,,,0,2024-03-13T00:00:00Z
2024-03-14,etoro_nsdq100,18080.3,18172.7,17908.75,18014.3,,,0,2024-03-14T00:00:00Z
2024-03-15,etoro_nsdq100,18008.2,18073.9,17760.85,17828,,,0,2024-03-15T00:00:00Z
2024-03-18,etoro_nsdq100,17820.1,18124.85,17818.4,17980.3,,,0,2024-03-18T00:00:00Z
2024-03-19,etoro_nsdq100,17971.9,18041.85,17809.05,18022.6,,,0,2024-03-19T00:00:00Z
2024-03-20,etoro_nsdq100,18026.1,18296.7,17979.6,18288.7,,,0,2024-03-20T00:00:00Z
2024-03-21,etoro_nsdq100,18281.4,18465.45,18278.8,18341.1,,,0,2024-03-21T00:00:00Z
2024-03-22,etoro_nsdq100,18341.7,18388.45,18258,18320.9,,,0,2024-03-22T00:00:00Z
2024-03-25,etoro_nsdq100,18340.6,18364.5,18180.05,18297.2,,,0,2024-03-25T00:00:00Z
2024-03-26,etoro_nsdq100,18301.2,18387.8,18209.95,18247.5,,,0,2024-03-26T00:00:00Z
2024-03-27,etoro_nsdq100,18244.3,18352.6,18155.55,18281.3,,,0,2024-03-27T00:00:00Z
2024-03-28,etoro_nsdq100,18263.3,18311.75,18220.65,18243.5,,,0,2024-03-28T00:00:00Z
2024-04-01,etoro_nsdq100,18323.3,18394.5,18200.85,18284.2,,,0,2024-04-01T00:00:00Z
2024-04-02,etoro_nsdq100,18282.1,18305.7,17995.65,18135.7,,,0,2024-04-02T00:00:00Z
2024-04-03,etoro_nsdq100,18130.3,18243.85,18028.5,18181.3,,,0,2024-04-03T00:00:00Z
2024-04-04,etoro_nsdq100,18180.1,18366.85,17862.1,17879.6,,,0,2024-04-04T00:00:00Z
2024-04-05,etoro_nsdq100,17914,18209.85,17864.1,18099.4,,,0,2024-04-05T00:00:00Z
2024-04-08,etoro_nsdq100,18148.4,18182.55,18044.25,18114.6,,,0,2024-04-08T00:00:00Z
2024-04-09,etoro_nsdq100,18127.5,18212.2,17967.75,18187.9,,,0,2024-04-09T00:00:00Z
2024-04-10,etoro_nsdq100,18186.1,18269.1,17862,18006,,,0,2024-04-10T00:00:00Z
2024-04-11,etoro_nsdq100,17990.9,18336.35,17917.8,18305.6,,,0,2024-04-11T00:00:00Z
2024-04-12,etoro_nsdq100,18299.6,18330.8,17949.05,18016.3,,,0,2024-04-12T00:00:00Z
2024-04-15,etoro_nsdq100,18026,18175.9,17675.35,17712.6,,,0,2024-04-15T00:00:00Z
2024-04-16,etoro_nsdq100,17721.5,17819.05,17629.4,17726.8,,,0,2024-04-16T00:00:00Z
2024-04-17,etoro_nsdq100,17746.9,17806.3,17456.95,17503.7,,,0,2024-04-17T00:00:00Z
2024-04-18,etoro_nsdq100,17521.4,17617.8,17357.1,17378.7,,,0,2024-04-18T00:00:00Z
2024-04-19,etoro_nsdq100,17386.6,17403.1,16969.15,17037.8,,,0,2024-04-19T00:00:00Z
2024-04-22,etoro_nsdq100,17098.1,17305.05,17006.55,17202,,,0,2024-04-22T00:00:00Z
2024-04-23,etoro_nsdq100,17224,17525.1,17148.4,17519.9,,,0,2024-04-23T00:00:00Z
2024-04-24,etoro_nsdq100,17544.3,17656.75,17342.6,17363.2,,,0,2024-04-24T00:00:00Z
2024-04-25,etoro_nsdq100,17316.6,17698.4,17178.45,17681.7,,,0,2024-04-25T00:00:00Z
2024-04-26,etoro_nsdq100,17649.6,17770.35,17542.25,17704.7,,,0,2024-04-26T00:00:00Z
2024-04-29,etoro_nsdq100,17739.1,17821.05,17665.95,17787.5,,,0,2024-04-29T00:00:00Z
2024-04-30,etoro_nsdq100,17789.2,17796.7,17356.3,17391.2,,,0,2024-04-30T00:00:00Z
2024-05-01,etoro_nsdq100,17347.4,17674.75,17282.35,17361.3,,,0,2024-05-01T00:00:00Z
2024-05-02,etoro_nsdq100,17390.7,17646.3,17282.85,17630.3,,,0,2024-05-02T00:00:00Z
2024-05-03,etoro_nsdq100,17625.2,17934.55,17614.1,17909.2,,,0,2024-05-03T00:00:00Z
2024-05-06,etoro_nsdq100,17929.4,18092.5,17875.4,18076.7,,,0,2024-05-06T00:00:00Z
2024-05-07,etoro_nsdq100,18071.9,18156.95,18044.6,18089.4,,,0,2024-05-07T00:00:00Z
2024-05-08,etoro_nsdq100,18088.3,18137.75,17966.9,18057,,,0,2024-05-08T00:00:00Z
2024-05-09,etoro_nsdq100,18052.2,18141.35,18006.2,18121,,,0,2024-05-09T00:00:00Z
2024-05-10,etoro_nsdq100,18122,18250.65,18091.35,18145.5,,,0,2024-05-10T00:00:00Z
2024-05-13,etoro_nsdq100,18142.4,18239.25,18133,18188.3,,,0,2024-05-13T00:00:00Z
2024-05-14,etoro_nsdq100,18187.2,18335.85,18072.8,18311.5,,,0,2024-05-14T00:00:00Z
2024-05-15,etoro_nsdq100,18311.9,18607.45,18296.4,18591.5,,,0,2024-05-15T00:00:00Z
2024-05-16,etoro_nsdq100,18590.5,18670.55,18538.8,18542,,,0,2024-05-16T00:00:00Z
2024-05-17,etoro_nsdq100,18553.8,18594.5,18456.95,18542.3,,,0,2024-05-17T00:00:00Z
2024-05-20,etoro_nsdq100,18551.8,18705.95,18548.95,18656.1,,,0,2024-05-20T00:00:00Z
2024-05-21,etoro_nsdq100,18664.8,18721.45,18591.35,18710.9,,,0,2024-05-21T00:00:00Z
2024-05-22,etoro_nsdq100,18715.7,18805.5,18602.65,18732.7,,,0,2024-05-22T00:00:00Z
2024-05-23,etoro_nsdq100,18786.3,18948.3,18551.15,18613.5,,,0,2024-05-23T00:00:00Z
2024-05-24,etoro_nsdq100,18617.5,18853.25,18612.6,18796.9,,,0,2024-05-24T00:00:00Z
2024-05-28,etoro_nsdq100,18869.4,18909.6,18750.55,18882.1,,,0,2024-05-28T00:00:00Z
2024-05-29,etoro_nsdq100,18881.4,18882.7,18673.5,18680,,,0,2024-05-29T00:00:00Z
2024-05-30,etoro_nsdq100,18696.7,18724.4,18482.35,18525.4,,,0,2024-05-30T00:00:00Z
2024-05-31,etoro_nsdq100,18503.6,18608.2,18186.75,18527.2,,,0,2024-05-31T00:00:00Z
2024-06-03,etoro_nsdq100,18539.1,18703.35,18388.65,18614.5,,,0,2024-06-03T00:00:00Z
2024-06-04,etoro_nsdq100,18614,18700.15,18465.1,18652.8,,,0,2024-06-04T00:00:00Z
2024-06-05,etoro_nsdq100,18662.5,19042.1,18646.1,19038.9,,,0,2024-06-05T00:00:00Z
2024-06-06,etoro_nsdq100,19033.1,19074.6,18968.95,19025.2,,,0,2024-06-06T00:00:00Z
2024-06-07,etoro_nsdq100,19023.3,19113.45,18901.5,18981.6,,,0,2024-06-07T00:00:00Z
2024-06-10,etoro_nsdq100,18987.4,19092.75,18940.4,19069.9,,,0,2024-06-10T00:00:00Z
2024-06-11,etoro_nsdq100,19065.1,19223.2,18961.65,19214.2,,,0,2024-06-11T00:00:00Z
2024-06-12,etoro_nsdq100,19207.2,19578.3,19202,19572.9,,,0,2024-06-12T00:00:00Z
2024-06-13,etoro_nsdq100,19559.9,19656.4,19472.75,19575.8,,,0,2024-06-13T00:00:00Z
2024-06-14,etoro_nsdq100,19568.1,19677,19477.7,19674,,,0,2024-06-14T00:00:00Z
2024-06-17,etoro_nsdq100,19658.1,19983.75,19621.65,19894.9,,,0,2024-06-17T00:00:00Z
2024-06-18,etoro_nsdq100,19899.6,19985.3,19841.15,19919.3,,,0,2024-06-18T00:00:00Z
2024-06-20,etoro_nsdq100,19952,20086.2,19678.95,19774.4,,,0,2024-06-20T00:00:00Z
2024-06-21,etoro_nsdq100,19769.6,19817.1,19646.35,19732.5,,,0,2024-06-21T00:00:00Z
2024-06-24,etoro_nsdq100,19738.2,19757.9,19458.2,19479.3,,,0,2024-06-24T00:00:00Z
2024-06-25,etoro_nsdq100,19500.8,19715.85,19462.9,19701.8,,,0,2024-06-25T00:00:00Z
2024-06-26,etoro_nsdq100,19705.3,19806.2,19637.5,19690.7,,,0,2024-06-26T00:00:00Z
2024-06-27,etoro_nsdq100,19698.8,19854.35,19618.9,19811,,,0,2024-06-27T00:00:00Z
2024-06-28,etoro_nsdq100,19814.6,20025.95,19659.75,19724.3,,,0,2024-06-28T00:00:00Z
2024-07-01,etoro_nsdq100,19713.4,19829.75,19567.75,19797.4,,,0,2024-07-01T00:00:00Z
2024-07-02,etoro_nsdq100,19808.9,20016.05,19672.4,19994.2,,,0,2024-07-02T00:00:00Z
2024-07-03,etoro_nsdq100,19991.8,20198.15,19966.9,20179.45,,,0,2024-07-03T00:00:00Z
2024-07-05,etoro_nsdq100,20145.2,20404.35,20140.1,20377.8,,,0,2024-07-05T00:00:00Z
2024-07-08,etoro_nsdq100,20358.3,20457.85,20346.3,20452.6,,,0,2024-07-08T00:00:00Z
2024-07-09,etoro_nsdq100,20446.9,20546.65,20389.25,20460,,,0,2024-07-09T00:00:00Z
2024-07-10,etoro_nsdq100,20458.8,20688.5,20457.8,20666.75,,,0,2024-07-10T00:00:00Z
2024-07-11,etoro_nsdq100,20667.25,20758.44,20163.34,20218.38,,,0,2024-07-11T00:00:00Z
2024-07-12,etoro_nsdq100,20226.98,20529.61,20128.59,20323.18,,,0,2024-07-12T00:00:00Z
2024-07-15,etoro_nsdq100,20337.57,20589.81,20300.73,20417.47,,,0,2024-07-15T00:00:00Z
2024-07-16,etoro_nsdq100,20430.87,20480.51,20262.53,20384.87,,,0,2024-07-16T00:00:00Z
2024-07-17,etoro_nsdq100,20384.47,20395.17,19770.32,19818.01,,,0,2024-07-17T00:00:00Z
2024-07-18,etoro_nsdq100,19849.81,19971.7,19569.78,19756.42,,,0,2024-07-18T00:00:00Z
2024-07-19,etoro_nsdq100,19761.22,19795.32,19474.49,19520.74,,,0,2024-07-19T00:00:00Z
2024-07-22,etoro_nsdq100,19564.43,19862.26,19543.63,19800.01,,,0,2024-07-22T00:00:00Z
2024-07-23,etoro_nsdq100,19813.01,19910.46,19694.12,19785.52,,,0,2024-07-23T00:00:00Z
2024-07-24,etoro_nsdq100,19655.33,19680.62,19004.92,19099.87,,,0,2024-07-24T00:00:00Z
2024-07-25,etoro_nsdq100,19108.97,19228.91,18724.65,18826.09,,,0,2024-07-25T00:00:00Z
2024-07-26,etoro_nsdq100,18860.89,19147.21,18838.29,19036.27,,,0,2024-07-26T00:00:00Z
2024-07-29,etoro_nsdq100,19059.87,19226.51,18966.23,19065.47,,,0,2024-07-29T00:00:00Z
2024-07-30,etoro_nsdq100,19080.07,19168.11,18582.41,18724.4,,,0,2024-07-30T00:00:00Z
2024-07-31,etoro_nsdq100,18736.89,19500.54,18726.6,19434.24,,,0,2024-07-31T00:00:00Z
2024-08-01,etoro_nsdq100,19443.24,19576.43,18719.8,18835.49,,,0,2024-08-01T00:00:00Z
2024-08-02,etoro_nsdq100,18846.59,18847.59,18263.28,18429.52,,,0,2024-08-02T00:00:00Z
2024-08-05,etoro_nsdq100,18218.43,18266.13,17242.21,18026.85,,,0,2024-08-05T00:00:00Z
2024-08-06,etoro_nsdq100,18087.44,18369.37,17854.21,17980.45,,,0,2024-08-06T00:00:00Z
2024-08-07,etoro_nsdq100,17946.35,18448.37,17727.87,17746.77,,,0,2024-08-07T00:00:00Z
2024-08-08,etoro_nsdq100,17790.27,18483.81,17642.38,18452.92,,,0,2024-08-08T00:00:00Z
2024-08-09,etoro_nsdq100,18447.42,18572.16,18283.13,18501.11,,,0,2024-08-09T00:00:00Z
2024-08-12,etoro_nsdq100,18530.01,18664.65,18413.32,18529.41,,,0,2024-08-12T00:00:00Z
2024-08-13,etoro_nsdq100,18544.21,19021.07,18530.71,18998.08,,,0,2024-08-13T00:00:00Z
2024-08-14,etoro_nsdq100,19011.07,19108.52,18832.94,19039.27,,,0,2024-08-14T00:00:00Z
2024-08-15,etoro_nsdq100,19041.87,19502.09,18998.77,19460.14,,,0,2024-08-15T00:00:00Z
2024-08-16,etoro_nsdq100,19461.74,19583.83,19350.35,19519.44,,,0,2024-08-16T00:00:00Z
2024-08-19,etoro_nsdq100,19531.34,19776.02,19435.14,19758.32,,,0,2024-08-19T00:00:00Z
2024-08-20,etoro_nsdq100,19776.92,19837.14,19650.4,19712.32,,,0,2024-08-20T00:00:00Z
2024-08-21,etoro_nsdq100,19712.92,19896.06,19684.77,19830.61,,,0,2024-08-21T00:00:00Z
2024-08-22,etoro_nsdq100,19830.91,19937.35,19455.59,19531.64,,,0,2024-08-22T00:00:00Z
2024-08-23,etoro_nsdq100,19533.63,19822.46,19514.09,19713.52,,,0,2024-08-23T00:00:00Z
2024-08-26,etoro_nsdq100,19727.22,19769.72,19433.19,19478.44,,,0,2024-08-26T00:00:00Z
2024-08-27,etoro_nsdq100,19493.04,19620.68,19371.7,19560.93,,,0,2024-08-27T00:00:00Z
2024-08-28,etoro_nsdq100,19572.53,19621.43,19163.76,19240.26,,,0,2024-08-28T00:00:00Z
2024-08-29,etoro_nsdq100,19146.26,19630.18,19078.77,19383.75,,,0,2024-08-29T00:00:00Z
2024-08-30,etoro_nsdq100,19388.75,19581.98,19321.2,19556.03,,,0,2024-08-30T00:00:00Z
2024-09-03,etoro_nsdq100,19607.33,19631.63,18861.84,18936.78,,,0,2024-09-03T00:00:00Z
2024-09-04,etoro_nsdq100,18948.18,19065.42,18775.59,18913.68,,,0,2024-09-04T00:00:00Z
2024-09-05,etoro_nsdq100,18925.28,19107.42,18785.29,18877.48,,,0,2024-09-05T00:00:00Z
2024-09-06,etoro_nsdq100,18884.38,18936.78,18356.12,18358.02,,,0,2024-09-06T00:00:00Z
2024-09-09,etoro_nsdq100,18378.62,18701.1,18354.02,18683.7,,,0,2024-09-09T00:00:00Z
2024-09-10,etoro_nsdq100,18699.3,18844.64,18553.71,18801.69,,,0,2024-09-10T00:00:00Z
2024-09-11,etoro_nsdq100,18813.79,19265.8,18522.06,19217.36,,,0,2024-09-11T00:00:00Z
2024-09-12,etoro_nsdq100,19213.96,19457.19,19160.81,19384.25,,,0,2024-09-12T00:00:00Z
2024-09-13,etoro_nsdq100,19392.25,19555.98,19374.1,19501.34,,,0,2024-09-13T00:00:00Z
2024-09-16,etoro_nsdq100,19500.74,19528.14,19288.2,19404.14,,,0,2024-09-16T00:00:00Z
2024-09-17,etoro_nsdq100,19418.74,19604.68,19328.2,19436.14,,,0,2024-09-17T00:00:00Z
2024-09-18,etoro_nsdq100,19439.84,19653.58,19322.5,19381.75,,,0,2024-09-18T00:00:00Z
2024-09-19,etoro_nsdq100,19404.54,19953.05,19396.65,19810.51,,,0,2024-09-19T00:00:00Z
2024-09-20,etoro_nsdq100,19823.21,19845.76,19623.28,19767.42,,,0,2024-09-20T00:00:00Z
2024-09-23,etoro_nsdq100,19784.32,19926.01,19718.52,19832.31,,,0,2024-09-23T00:00:00Z
2024-09-24,etoro_nsdq100,19838.71,19992.45,19731.67,19960.4,,,0,2024-09-24T00:00:00Z
2024-09-25,etoro_nsdq100,19962.9,20047.95,19841.81,20018.7,,,0,2024-09-25T00:00:00Z
2024-09-26,etoro_nsdq100,20022.2,20314.48,19963.15,20116.89,,,0,2024-09-26T00:00:00Z
2024-09-27,etoro_nsdq100,20127.99,20175.09,19953.75,19983.1,,,0,2024-09-27T00:00:00Z
2024-09-30,etoro_nsdq100,19978.4,20069.94,19845.46,20027.3,,,0,2024-09-30T00:00:00Z
2024-10-01,etoro_nsdq100,20025.6,20119.19,19609.48,19752.32,,,0,2024-10-01T00:00:00Z
2024-10-02,etoro_nsdq100,19767.22,19883.06,19628.68,19856.61,,,0,2024-10-02T00:00:00Z
2024-10-03,etoro_nsdq100,19847.01,19910.96,19649.83,19760.12,,,0,2024-10-03T00:00:00Z
2024-10-04,etoro_nsdq100,19759.52,20068.19,19744.32,20011.4,,,0,2024-10-04T00:00:00Z
2024-10-07,etoro_nsdq100,20031.8,20066.29,19754.57,19824.11,,,0,2024-10-07T00:00:00Z
2024-10-08,etoro_nsdq100,19837.91,20133.74,19712.52,20089.89,,,0,2024-10-08T00:00:00Z
2024-10-09,etoro_nsdq100,20093.29,20288.63,20004.8,20250.68,,,0,2024-10-09T00:00:00Z
2024-10-10,etoro_nsdq100,20252.18,20319.23,20109.34,20249.68,,,0,2024-10-10T00:00:00Z
2024-10-11,etoro_nsdq100,20244.48,20313.73,20135.84,20240.48,,,0,2024-10-11T00:00:00Z
2024-10-14,etoro_nsdq100,20241.18,20498.11,20204.38,20458.77,,,0,2024-10-14T00:00:00Z
2024-10-15,etoro_nsdq100,20452.37,20481.01,20076.14,20153.09,,,0,2024-10-15T00:00:00Z
2024-10-16,etoro_nsdq100,20157.89,20221.88,20031.65,20152.79,,,0,2024-10-16T00:00:00Z
2024-10-17,etoro_nsdq100,20160.79,20419.67,20103.09,20210.78,,,0,2024-10-17T00:00:00Z
2024-10-18,etoro_nsdq100,20229.28,20365.22,20156.29,20323.68,,,0,2024-10-18T00:00:00Z
2024-10-21,etoro_nsdq100,20345.27,20391.32,20182.39,20381.97,,,0,2024-10-21T00:00:00Z
2024-10-22,etoro_nsdq100,20375.77,20443.72,20202.98,20366.27,,,0,2024-10-22T00:00:00Z
2024-10-23,etoro_nsdq100,20349.27,20387.37,19926.46,20123.09,,,0,2024-10-23T00:00:00Z
2024-10-24,etoro_nsdq100,20144.09,20276.78,20112.04,20232.88,,,0,2024-10-24T00:00:00Z
2024-10-25,etoro_nsdq100,20235.88,20564.11,20216.18,20336.77,,,0,2024-10-25T00:00:00Z
2024-10-28,etoro_nsdq100,20405.67,20535.26,20343.72,20365.87,,,0,2024-10-28T00:00:00Z
2024-10-29,etoro_nsdq100,20370.87,20619.95,20293.23,20565.96,,,0,2024-10-29T00:00:00Z
2024-10-30,etoro_nsdq100,20593.66,20651.25,20334.97,20364.47,,,0,2024-10-30T00:00:00Z
2024-10-31,etoro_nsdq100,20344.47,20344.47,19875.41,19903.81,,,0,2024-10-31T00:00:00Z
2024-11-01,etoro_nsdq100,19948.2,20164.54,19896.11,20048.4,,,0,2024-11-01T00:00:00Z
2024-11-04,etoro_nsdq100,19972.7,20129.09,19895.46,19985.6,,,0,2024-11-04T00:00:00Z
2024-11-05,etoro_nsdq100,20007.2,20268.48,19925.71,20243.38,,,0,2024-11-05T00:00:00Z
2024-11-06,etoro_nsdq100,20243.18,20820.14,20209.88,20814.54,,,0,2024-11-06T00:00:00Z
2024-11-07,etoro_nsdq100,20795.74,21138.96,20747.44,21108.62,,,0,2024-11-07T00:00:00Z
2024-11-08,etoro_nsdq100,21102.22,21153.16,21006.32,21118.92,,,0,2024-11-08T00:00:00Z
2024-11-11,etoro_nsdq100,21158.31,21231.4,20988.97,21102.71,,,0,2024-11-11T00:00:00Z
2024-11-12,etoro_nsdq100,21096.91,21143.06,20947.37,21074.31,,,0,2024-11-12T00:00:00Z
2024-11-13,etoro_nsdq100,21068.81,21163.26,20953.77,21057.92,,,0,2024-11-13T00:00:00Z
2024-11-14,etoro_nsdq100,21055.22,21085.01,20842.53,20870.03,,,0,2024-11-14T00:00:00Z
2024-11-15,etoro_nsdq100,20866.43,20866.83,20304.52,20391.17,,,0,2024-11-15T00:00:00Z
2024-11-18,etoro_nsdq100,20394.87,20626.1,20378.67,20532.15,,,0,2024-11-18T00:00:00Z
2024-11-19,etoro_nsdq100,20525.86,20698.59,20288.97,20662.65,,,0,2024-11-19T00:00:00Z
2024-11-20,etoro_nsdq100,20665.94,20751.74,20386.52,20646.25,,,0,2024-11-20T00:00:00Z
2024-11-21,etoro_nsdq100,20630.45,20813.98,20423.41,20705.54,,,0,2024-11-21T00:00:00Z
2024-11-22,etoro_nsdq100,20694.34,20797.79,20611.85,20777.94,,,0,2024-11-22T00:00:00Z
2024-11-25,etoro_nsdq100,20860.33,21001.27,20701.79,20822.03,,,0,2024-11-25T00:00:00Z
2024-11-26,etoro_nsdq100,20838.23,20949.47,20679.44,20927.23,,,0,2024-11-26T00:00:00Z
2024-11-27,etoro_nsdq100,20897.03,20946.82,20605.2,20734.54,,,0,2024-11-27T00:00:00Z
2024-11-29,etoro_nsdq100,20819.63,20953.87,20743.59,20923.93,,,0,2024-11-29T00:00:00Z
2024-12-02,etoro_nsdq100,20928.93,21199.35,20880.13,21153.01,,,0,2024-12-02T00:00:00Z
2024-12-03,etoro_nsdq100,21154.71,21272.3,21079.06,21270.4,,,0,2024-12-03T00:00:00Z
2024-12-04,etoro_nsdq100,21256,21495.93,21253.3,21462.49,,,0,2024-12-04T00:00:00Z
2024-12-05,etoro_nsdq100,21454.29,21516.63,21384.39,21400.79,,,0,2024-12-05T00:00:00Z
2024-12-06,etoro_nsdq100,21398.59,21624.12,21371.59,21586.98,,,0,2024-12-06T00:00:00Z
2024-12-09,etoro_nsdq100,21585.28,21662.67,21394.14,21435.89,,,0,2024-12-09T00:00:00Z
2024-12-10,etoro_nsdq100,21437.49,21567.03,21313.95,21392.99,,,0,2024-12-10T00:00:00Z
2024-12-11,etoro_nsdq100,21403.59,21782.51,21368.89,21719.47,,,0,2024-12-11T00:00:00Z
2024-12-12,etoro_nsdq100,21727.77,21738.66,21572.58,21600.27,,,0,2024-12-12T00:00:00Z
2024-12-13,etoro_nsdq100,21703.77,21884.5,21644.02,21733.86,,,0,2024-12-13T00:00:00Z
2024-12-16,etoro_nsdq100,21750.76,22130.89,21740.86,22089.64,,,0,2024-12-16T00:00:00Z
2024-12-17,etoro_nsdq100,22091.04,22106.54,21926.2,21984.75,,,0,2024-12-17T00:00:00Z
2024-12-18,etoro_nsdq100,21963.95,22072.14,20996.62,21147.21,,,0,2024-12-18T00:00:00Z
2024-12-19,etoro_nsdq100,21173.31,21401.64,21050.42,21112.61,,,0,2024-12-19T00:00:00Z
2024-12-20,etoro_nsdq100,21134.91,21527.34,20723.64,21232.41,,,0,2024-12-20T00:00:00Z
2024-12-23,etoro_nsdq100,21371.19,21502.54,21204.46,21464.19,,,0,2024-12-23T00:00:00Z
2024-12-24,etoro_nsdq100,21482.51,21791.22,21447.42,21789.34,,,0,2024-12-24T00:00:00Z
2024-12-26,etoro_nsdq100,21798.04,21855.71,21620.65,21730.37,,,0,2024-12-26T00:00:00Z
2024-12-27,etoro_nsdq100,21762.67,21771.52,21265.33,21487.59,,,0,2024-12-27T00:00:00Z
2024-12-30,etoro_nsdq100,21501.78,21503.68,21022.97,21155.01,,,0,2024-12-30T00:00:00Z
2024-12-31,etoro_nsdq100,21149.81,21298.2,20955.77,21009.12,,,0,2024-12-31T00:00:00Z
2025-01-02,etoro_nsdq100,21077.01,21273.1,20767.49,20965.42,,,0,2025-01-02T00:00:00Z
2025-01-03,etoro_nsdq100,20971.42,21357.84,20936.52,21283.6,,,0,2025-01-03T00:00:00Z
2025-01-06,etoro_nsdq100,21323.7,21702.42,21285.6,21581.68,,,0,2025-01-06T00:00:00Z
2025-01-07,etoro_nsdq100,21592.68,21615.12,21089.26,21180.61,,,0,2025-01-07T00:00:00Z
2025-01-08,etoro_nsdq100,21173.51,21261.5,20979.87,21142.61,,,0,2025-01-08T00:00:00Z
2025-01-10,etoro_nsdq100,21126.71,21198.8,20704.49,20834.73,,,0,2025-01-10T00:00:00Z
2025-01-13,etoro_nsdq100,20814.23,20865.93,20531.26,20828.73,,,0,2025-01-13T00:00:00Z
2025-01-14,etoro_nsdq100,20848.83,20976.82,20608.2,20811.23,,,0,2025-01-14T00:00:00Z
2025-01-15,etoro_nsdq100,20800.43,21290.95,20747.54,21214.4,,,0,2025-01-15T00:00:00Z
2025-01-16,etoro_nsdq100,21225,21403.89,21011.32,21052.12,,,0,2025-01-16T00:00:00Z
2025-01-17,etoro_nsdq100,21057.02,21527.78,21047.82,21438.39,,,0,2025-01-17T00:00:00Z
2025-01-21,etoro_nsdq100,21536.38,21630.87,21218.4,21620.97,,,0,2025-01-21T00:00:00Z
2025-01-22,etoro_nsdq100,21649.27,21944.8,21618.27,21834.86,,,0,2025-01-22T00:00:00Z
2025-01-23,etoro_nsdq100,21834.36,21903.65,21710.27,21876.75,,,0,2025-01-23T00:00:00Z
2025-01-24,etoro_nsdq100,21865.15,21940.1,21705.72,21763.96,,,0,2025-01-24T00:00:00Z
2025-01-27,etoro_nsdq100,21560.08,21587.68,20630.05,21167.21,,,0,2025-01-27T00:00:00Z
2025-01-28,etoro_nsdq100,21213.6,21494.63,21030.47,21426.19,,,0,2025-01-28T00:00:00Z
2025-01-29,etoro_nsdq100,21409.69,21570.18,21242.15,21453.39,,,0,2025-01-29T00:00:00Z
2025-01-30,etoro_nsdq100,21419.59,21624.82,21296.65,21479.58,,,0,2025-01-30T00:00:00Z
2025-01-31,etoro_nsdq100,21558.18,21845.01,21414.69,21454.69,,,0,2025-01-31T00:00:00Z
2025-02-03,etoro_nsdq100,20848.43,21462.59,20836.93,21436.29,,,0,2025-02-03T00:00:00Z
2025-02-04,etoro_nsdq100,21467.88,21583.73,21132.61,21467.78,,,0,2025-02-04T00:00:00Z
2025-02-05,etoro_nsdq100,21469.58,21686.97,21322.3,21663.57,,,0,2025-02-05T00:00:00Z
2025-02-06,etoro_nsdq100,21655.87,21775.51,21601.27,21738.66,,,0,2025-02-06T00:00:00Z
2025-02-07,etoro_nsdq100,21718.37,21867.9,21455.94,21483.58,,,0,2025-02-07T00:00:00Z
2025-02-10,etoro_nsdq100,21410.49,21794.67,21409.79,21737.37,,,0,2025-02-10T00:00:00Z
2025-02-11,etoro_nsdq100,21725.5,21774.39,21574.68,21700.27,,,0,2025-02-11T00:00:00Z
2025-02-12,etoro_nsdq100,21712.32,21768.37,21418.59,21763.57,,,0,2025-02-12T00:00:00Z
2025-02-13,etoro_nsdq100,21764.94,22032.29,21662.17,21980.55,,,0,2025-02-13T00:00:00Z
2025-02-14,etoro_nsdq100,21998.15,22134.98,21956.95,22123.44,,,0,2025-02-14T00:00:00Z
2025-02-18,etoro_nsdq100,22134.64,22238.33,22024.2,22140.64,,,0,2025-02-18T00:00:00Z
2025-02-19,etoro_nsdq100,22167.79,22222.08,22042.07,22142.44,,,0,2025-02-19T00:00:00Z
2025-02-20,etoro_nsdq100,22149.19,22153.46,21873.51,22056.85,,,0,2025-02-20T00:00:00Z
2025-02-21,etoro_nsdq100,22067.62,22174.34,21593.93,21605.48,,,0,2025-02-21T00:00:00Z
2025-02-24,etoro_nsdq100,21649.78,21744.06,21339.69,21361.1,,,0,2025-02-24T00:00:00Z
2025-02-25,etoro_nsdq100,21371.47,21386.29,20927.11,21129.62,,,0,2025-02-25T00:00:00Z
2025-02-26,etoro_nsdq100,21174.01,21345.92,21003.19,21205.86,,,0,2025-02-26T00:00:00Z
2025-02-27,etoro_nsdq100,21183.99,21325.8,20522.11,20576.21,,,0,2025-02-27T00:00:00Z
2025-02-28,etoro_nsdq100,20607.03,20889.8,20407.22,20841.84,,,0,2025-02-28T00:00:00Z
2025-03-03,etoro_nsdq100,20922.93,21068.27,20267.08,20475.46,,,0,2025-03-03T00:00:00Z
2025-03-04,etoro_nsdq100,20453.24,20682.67,20029.22,20490.46,,,0,2025-03-04T00:00:00Z
2025-03-05,etoro_nsdq100,20495.36,20678.1,20172.06,20568.46,,,0,2025-03-05T00:00:00Z
2025-03-06,etoro_nsdq100,20572.18,20601.85,19958.07,20137.29,,,0,2025-03-06T00:00:00Z
2025-03-07,etoro_nsdq100,20169.69,20243.11,19726.67,20160.56,,,0,2025-03-07T00:00:00Z
2025-03-10,etoro_nsdq100,20045.82,20113.39,19232.93,19438.34,,,0,2025-03-10T00:00:00Z
2025-03-11,etoro_nsdq100,19405.27,19645.35,19103.96,19358.95,,,0,2025-03-11T00:00:00Z
2025-03-12,etoro_nsdq100,19386.55,19735.24,19350.65,19533.43,,,0,2025-03-12T00:00:00Z
2025-03-13,etoro_nsdq100,19534.36,19659.53,19137.09,19257.26,,,0,2025-03-13T00:00:00Z
2025-03-14,etoro_nsdq100,19274.1,19712.39,19268.48,19627.03,,,0,2025-03-14T00:00:00Z
2025-03-17,etoro_nsdq100,19647.23,19936.18,19529.84,19808.31,,,0,2025-03-17T00:00:00Z
2025-03-18,etoro_nsdq100,19820.19,19838.06,19377.72,19474.34,,,0,2025-03-18T00:00:00Z
2025-03-19,etoro_nsdq100,19470.48,19921.91,19434.14,19726.62,,,0,2025-03-19T00:00:00Z
2025-03-20,etoro_nsdq100,19740.47,19887.48,19517.84,19684.92,,,0,2025-03-20T00:00:00Z
2025-03-21,etoro_nsdq100,19685.8,19769.34,19404.94,19754.82,,,0,2025-03-21T00:00:00Z
2025-03-24,etoro_nsdq100,19890.01,20204.8,19855.41,20156.49,,,0,2025-03-24T00:00:00Z
2025-03-25,etoro_nsdq100,20161.49,20323.68,20093.29,20311.88,,,0,2025-03-25T00:00:00Z
2025-03-26,etoro_nsdq100,20316.78,20338.32,19848.11,19886.81,,,0,2025-03-26T00:00:00Z
2025-03-27,etoro_nsdq100,19859.61,20003.15,19744.49,19801.01,,,0,2025-03-27T00:00:00Z
2025-03-28,etoro_nsdq100,19803.09,19819.71,19193.96,19199.76,,,0,2025-03-28T00:00:00Z
2025-03-31,etoro_nsdq100,19136.31,19304.55,18790.92,19227.86,,,0,2025-03-31T00:00:00Z
2025-04-01,etoro_nsdq100,19228.01,19462.27,19081.29,19416.74,,,0,2025-04-01T00:00:00Z
2025-04-02,etoro_nsdq100,19421.39,19861.34,18897.48,18947.28,,,0,2025-04-02T00:00:00Z
2025-04-03,etoro_nsdq100,18869.98,18998.62,18450.47,18484.51,,,0,2025-04-03T00:00:00Z
2025-04-04,etoro_nsdq100,18514.74,18555.3,17245.6,17274.6,,,0,2025-04-04T00:00:00Z
2025-04-07,etoro_nsdq100,16504.26,18213.26,16329.3,17490.69,,,0,2025-04-07T00:00:00Z
2025-04-08,etoro_nsdq100,17534.81,18214.46,16840.26,17088.72,,,0,2025-04-08T00:00:00Z
2025-04-09,etoro_nsdq100,17100.82,19223.61,16605.85,19206.53,,,0,2025-04-09T00:00:00Z
2025-04-10,etoro_nsdq100,19117.07,19236.16,17783.87,18354.15,,,0,2025-04-10T00:00:00Z
2025-04-11,etoro_nsdq100,18370.47,18734.16,17934.25,18675.1,,,0,2025-04-11T00:00:00Z
2025-04-14,etoro_nsdq100,18976.35,19115.34,18598.93,18767.07,,,0,2025-04-14T00:00:00Z
2025-04-15,etoro_nsdq100,18756.09,19005.19,18672.35,18795.09,,,0,2025-04-15T00:00:00Z
2025-04-16,etoro_nsdq100,18594.86,18725.69,17985.33,18236.53,,,0,2025-04-16T00:00:00Z
2025-04-17,etoro_nsdq100,18272.88,18530.56,18140.69,18305.33,,,0,2025-04-17T00:00:00Z
2025-04-21,etoro_nsdq100,18257.81,18257.81,17581.63,17790.99,,,0,2025-04-21T00:00:00Z
2025-04-22,etoro_nsdq100,17781.09,18398.07,17747.52,18241.83,,,0,2025-04-22T00:00:00Z
2025-04-23,etoro_nsdq100,18565.71,19048.87,18510.19,18739.79,,,0,2025-04-23T00:00:00Z
2025-04-24,etoro_nsdq100,18683.1,19285.25,18482.26,19236.06,,,0,2025-04-24T00:00:00Z
2025-04-25,etoro_nsdq100,19270.23,19456.57,19106.97,19444.94,,,0,2025-04-25T00:00:00Z
2025-04-28,etoro_nsdq100,19399.27,19518.49,19155.63,19373.94,,,0,2025-04-28T00:00:00Z
2025-04-29,etoro_nsdq100,19363.77,19583.08,19274.85,19511.14,,,0,2025-04-29T00:00:00Z
2025-04-30,etoro_nsdq100,19481.26,19772.82,19003.29,19741.56,,,0,2025-04-30T00:00:00Z
2025-05-01,etoro_nsdq100,19746.32,20023.95,19655.8,19696.62,,,0,2025-05-01T00:00:00Z
2025-05-02,etoro_nsdq100,19687.52,20176.16,19656.53,20092.19,,,0,2025-05-02T00:00:00Z
2025-05-05,etoro_nsdq100,20059.24,20099.54,19874.31,19945.8,,,0,2025-05-05T00:00:00Z
2025-05-06,etoro_nsdq100,19939.03,19948,19653.8,19763.29,,,0,2025-05-06T00:00:00Z
2025-05-07,etoro_nsdq100,19879.96,20042.15,19596.3,19874.91,,,0,2025-05-07T00:00:00Z
2025-05-08,etoro_nsdq100,19853.59,20247.21,19830.06,20067.89,,,0,2025-05-08T00:00:00Z
2025-05-09,etoro_nsdq100,20098.74,20197.21,19981.85,20042.6,,,0,2025-05-09T00:00:00Z
2025-05-12,etoro_nsdq100,20361.67,20910.66,20298.05,20871.43,,,0,2025-05-12T00:00:00Z
2025-05-13,etoro_nsdq100,20859.48,21258.83,20735.74,21170.51,,,0,2025-05-13T00:00:00Z
2025-05-14,etoro_nsdq100,21180.11,21338.55,21157.69,21310.7,,,0,2025-05-14T00:00:00Z
2025-05-15,etoro_nsdq100,21289.2,21444.56,21108.02,21308.3,,,0,2025-05-15T00:00:00Z
2025-05-16,etoro_nsdq100,21299.3,21428.81,21240.13,21419.99,,,0,2025-05-16T00:00:00Z
2025-05-19,etoro_nsdq100,21253.28,21462.84,21033.42,21434.89,,,0,2025-05-19T00:00:00Z
2025-05-20,etoro_nsdq100,21425.44,21484.68,21223.81,21345.7,,,0,2025-05-20T00:00:00Z
2025-05-21,etoro_nsdq100,21332.2,21482.51,20999.55,21068.42,,,0,2025-05-21T00:00:00Z
2025-05-22,etoro_nsdq100,21075.82,21265.27,20967.23,21142.71,,,0,2025-05-22T00:00:00Z
2025-05-23,etoro_nsdq100,21157.64,21172.06,20669.92,20896.63,,,0,2025-05-23T00:00:00Z
2025-05-27,etoro_nsdq100,21214.71,21429.14,21085.32,21413.99,,,0,2025-05-27T00:00:00Z
2025-05-28,etoro_nsdq100,21412.69,21507.53,21275.65,21462.89,,,0,2025-05-28T00:00:00Z
2025-05-29,etoro_nsdq100,21436.14,21802.38,21253.65,21323.8,,,0,2025-05-29T00:00:00Z
2025-05-30,etoro_nsdq100,21306.05,21385.04,21028.52,21314.9,,,0,2025-05-30T00:00:00Z
2025-06-02,etoro_nsdq100,21272.9,21533.08,21116.61,21509.08,,,0,2025-06-02T00:00:00Z
2025-06-03,etoro_nsdq100,21506.83,21716.02,21357.39,21644.57,,,0,2025-06-03T00:00:00Z
2025-06-04,etoro_nsdq100,21652.27,21761.31,21604.42,21704.57,,,0,2025-06-04T00:00:00Z
2025-06-05,etoro_nsdq100,21700.37,21888.9,21469.53,21473.73,,,0,2025-06-05T00:00:00Z
2025-06-06,etoro_nsdq100,21451.89,21835.41,21448.49,21774.56,,,0,2025-06-06T00:00:00Z
2025-06-09,etoro_nsdq100,21774.86,21857.41,21685.57,21795.36,,,0,2025-06-09T00:00:00Z
2025-06-10,etoro_nsdq100,21801.51,21963.4,21708.27,21923.5,,,0,2025-06-10T00:00:00Z
2025-06-11,etoro_nsdq100,21927.7,22067.84,21768.11,21856.26,,,0,2025-06-11T00:00:00Z
2025-06-12,etoro_nsdq100,21830.76,21953.5,21695.07,21884.15,,,0,2025-06-12T00:00:00Z
2025-06-13,etoro_nsdq100,21875.65,21880.85,21453.89,21635.57,,,0,2025-06-13T00:00:00Z
2025-06-16,etoro_nsdq100,21536.48,21979.9,21534.88,21924.05,,,0,2025-06-16T00:00:00Z
2025-06-17,etoro_nsdq100,21932.15,21936.85,21674.92,21719.47,,,0,2025-06-17T00:00:00Z
2025-06-18,etoro_nsdq100,21700.17,21862.41,21627.52,21735.16,,,0,2025-06-18T00:00:00Z
2025-06-20,etoro_nsdq100,21576.03,21902.43,21548.1,21640.68,,,0,2025-06-20T00:00:00Z
2025-06-23,etoro_nsdq100,21398.69,21874.33,21388.9,21848.26,,,0,2025-06-23T00:00:00Z
2025-06-24,etoro_nsdq100,21857.06,22221.18,21849.36,22184.14,,,0,2025-06-24T00:00:00Z
2025-06-25,etoro_nsdq100,22177.14,22326.4,22163.09,22245.23,,,0,2025-06-25T00:00:00Z
2025-06-26,etoro_nsdq100,22241.88,22466.26,22219.33,22444.72,,,0,2025-06-26T00:00:00Z
2025-06-27,etoro_nsdq100,22455.97,22602.05,22378.97,22514.76,,,0,2025-06-27T00:00:00Z
2025-06-30,etoro_nsdq100,22553.96,22714.62,22538.31,22653.2,,,0,2025-06-30T00:00:00Z
2025-07-01,etoro_nsdq100,22649.55,22702.2,22384.07,22472.81,,,0,2025-07-01T00:00:00Z
2025-07-02,etoro_nsdq100,22475.26,22643.7,22374.72,22639.3,,,0,2025-07-02T00:00:00Z
2025-07-03,etoro_nsdq100,22631.95,22898.28,22619.1,22851.76,,,0,2025-07-03T00:00:00Z
2025-07-07,etoro_nsdq100,22806.39,22817.94,22584.41,22639.1,,,0,2025-07-07T00:00:00Z
2025-07-08,etoro_nsdq100,22649.5,22775.19,22614.8,22704.5,,,0,2025-07-08T00:00:00Z
2025-07-09,etoro_nsdq100,22719.25,22914.55,22647.7,22844.09,,,0,2025-07-09T00:00:00Z
2025-07-10,etoro_nsdq100,22844.09,22897.35,22711.67,22818.99,,,0,2025-07-10T00:00:00Z
2025-07-11,etoro_nsdq100,22837.04,22867.68,22649.9,22753.09,,,0,2025-07-11T00:00:00Z
2025-07-14,etoro_nsdq100,22662.5,22886.35,22627.2,22856.09,,,0,2025-07-14T00:00:00Z
2025-07-15,etoro_nsdq100,22844.24,23043.64,22819.88,22841.59,,,0,2025-07-15T00:00:00Z
2025-07-16,etoro_nsdq100,22852.04,22927.35,22665.77,22888.78,,,0,2025-07-16T00:00:00Z
2025-07-17,etoro_nsdq100,22894.58,23105.62,22847.89,23092.17,,,0,2025-07-17T00:00:00Z
2025-07-18,etoro_nsdq100,23083.62,23150.06,23007.32,23056.77,,,0,2025-07-18T00:00:00Z
2025-07-21,etoro_nsdq100,23052.52,23261.91,23040.97,23182.76,,,0,2025-07-21T00:00:00Z
2025-07-22,etoro_nsdq100,23185.66,23207.86,22952.13,23041.17,,,0,2025-07-22T00:00:00Z
2025-07-23,etoro_nsdq100,23046.47,23262.66,22995.18,23254.16,,,0,2025-07-23T00:00:00Z
2025-07-24,etoro_nsdq100,23241.66,23270.95,23147.39,23238.96,,,0,2025-07-24T00:00:00Z
2025-07-25,etoro_nsdq100,23242.51,23328.72,23185.39,23288.05,,,0,2025-07-25T00:00:00Z
2025-07-28,etoro_nsdq100,23391.34,23440.54,23297.3,23365.35,,,0,2025-07-28T00:00:00Z
2025-07-29,etoro_nsdq100,23367.45,23511.69,23281.62,23309.25,,,0,2025-07-29T00:00:00Z
2025-07-30,etoro_nsdq100,23323.55,23548.83,23220.08,23520.64,,,0,2025-07-30T00:00:00Z
2025-07-31,etoro_nsdq100,23556.53,23710.02,23152.76,23191.56,,,0,2025-07-31T00:00:00Z
2025-08-01,etoro_nsdq100,23197.31,23216.66,22669.95,22765.19,,,0,2025-08-01T00:00:00Z
2025-08-04,etoro_nsdq100,22757.74,23232.06,22702.55,23230.66,,,0,2025-08-04T00:00:00Z
2025-08-05,etoro_nsdq100,23222.16,23287.25,22971.98,22973.53,,,0,2025-08-05T00:00:00Z
2025-08-06,etoro_nsdq100,22998.47,23329.37,22936.22,23296.65,,,0,2025-08-06T00:00:00Z
2025-08-07,etoro_nsdq100,23301,23561.25,23222.81,23407.14,,,0,2025-08-07T00:00:00Z
2025-08-08,etoro_nsdq100,23419.39,23652.88,23400.19,23644.03,,,0,2025-08-08T00:00:00Z
2025-08-11,etoro_nsdq100,23650.88,23697.99,23483.99,23521.04,,,0,2025-08-11T00:00:00Z
2025-08-12,etoro_nsdq100,23536.03,23847.11,23494.68,23842.91,,,0,2025-08-12T00:00:00Z
2025-08-13,etoro_nsdq100,23833.41,23964.67,23781.99,23826.31,,,0,2025-08-13T00:00:00Z
2025-08-14,etoro_nsdq100,23825.06,23908.88,23697.02,23784.82,,,0,2025-08-14T00:00:00Z
2025-08-15,etoro_nsdq100,23790.02,23871.51,23645.98,23704.22,,,0,2025-08-15T00:00:00Z
2025-08-18,etoro_nsdq100,23729.12,23793.02,23631.3,23700.22,,,0,2025-08-18T00:00:00Z
2025-08-19,etoro_nsdq100,23713.02,23749.16,23342.77,23386.9,,,0,2025-08-19T00:00:00Z
2025-08-20,etoro_nsdq100,23397.1,23404.19,22956.03,23235.06,,,0,2025-08-20T00:00:00Z
2025-08-21,etoro_nsdq100,23251.41,23287.85,23040.42,23139.86,,,0,2025-08-21T00:00:00Z
2025-08-22,etoro_nsdq100,23158.91,23575.2,23003.32,23502.14,,,0,2025-08-22T00:00:00Z
2025-08-25,etoro_nsdq100,23508.34,23546.88,23375.37,23434.69,,,0,2025-08-25T00:00:00Z
2025-08-26,etoro_nsdq100,23438.74,23540.43,23304.05,23536.63,,,0,2025-08-26T00:00:00Z
2025-08-27,etoro_nsdq100,23553.73,23600.48,23392.25,23475.64,,,0,2025-08-27T00:00:00Z
2025-08-28,etoro_nsdq100,23468.09,23738.27,23426.14,23695.02,,,0,2025-08-28T00:00:00Z
2025-08-29,etoro_nsdq100,23694.02,23698.17,23351.82,23405.24,,,0,2025-08-29T00:00:00Z
2025-09-02,etoro_nsdq100,23446.74,23446.74,22980.82,23331.15,,,0,2025-09-02T00:00:00Z
2025-09-03,etoro_nsdq100,23329.2,23483.79,23255.66,23409.34,,,0,2025-09-03T00:00:00Z
2025-09-04,etoro_nsdq100,23401.19,23660.13,23367.52,23638.23,,,0,2025-09-04T00:00:00Z
2025-09-05,etoro_nsdq100,23655.83,23860.63,23466.01,23635.43,,,0,2025-09-05T00:00:00Z
2025-09-08,etoro_nsdq100,23639.08,23850.59,23615.88,23759.22,,,0,2025-09-08T00:00:00Z
2025-09-09,etoro_nsdq100,23776.87,23881.01,23692.75,23857.81,,,0,2025-09-09T00:00:00Z
2025-09-10,etoro_nsdq100,23870.4,23991.7,23755.27,23830.56,,,0,2025-09-10T00:00:00Z
2025-09-11,etoro_nsdq100,23832.56,24015.45,23832.56,23977.8,,,0,2025-09-11T00:00:00Z
2025-09-12,etoro_nsdq100,23991,24135.31,23947.3,24087.09,,,0,2025-09-12T00:00:00Z
2025-09-15,etoro_nsdq100,24090.49,24293.33,24054.3,24277.88,,,0,2025-09-15T00:00:00Z
2025-09-16,etoro_nsdq100,24271.28,24388.57,24244.55,24280.38,,,0,2025-09-16T00:00:00Z
2025-09-17,etoro_nsdq100,24283.53,24302.43,23992.72,24246.78,,,0,2025-09-17T00:00:00Z
2025-09-18,etoro_nsdq100,24250.48,24563.01,24247.58,24466.06,,,0,2025-09-18T00:00:00Z
2025-09-19,etoro_nsdq100,24473.11,24634.9,24406.92,24614.1,,,0,2025-09-19T00:00:00Z
2025-09-22,etoro_nsdq100,24598.2,24780.79,24500.16,24750.04,,,0,2025-09-22T00:00:00Z
2025-09-23,etoro_nsdq100,24747.84,24782.99,24534.98,24591.46,,,0,2025-09-23T00:00:00Z
2025-09-24,etoro_nsdq100,24602.25,24669.75,24386.42,24502.16,,,0,2025-09-24T00:00:00Z
2025-09-25,etoro_nsdq100,24510.01,24553.26,24183.99,24397.97,,,0,2025-09-25T00:00:00Z
2025-09-26,etoro_nsdq100,24397.67,24517.01,24293.8,24511.26,,,0,2025-09-26T00:00:00Z
2025-09-29,etoro_nsdq100,24505.41,24744.07,24497.66,24585.06,,,0,2025-09-29T00:00:00Z
2025-09-30,etoro_nsdq100,24596.16,24689,24497.34,24614.55,,,0,2025-09-30T00:00:00Z
2025-10-01,etoro_nsdq100,24627,24814.39,24411.07,24789.14,,,0,2025-10-01T00:00:00Z
2025-10-02,etoro_nsdq100,24791.74,24963.93,24777.99,24888.93,,,0,2025-10-02T00:00:00Z
2025-10-03,etoro_nsdq100,24886.93,24986.38,24711.82,24770.64,,,0,2025-10-03T00:00:00Z
2025-10-06,etoro_nsdq100,24809.34,25042.59,24803.14,24970.53,,,0,2025-10-06T00:00:00Z
2025-10-07,etoro_nsdq100,24983.08,25064.82,24779.39,24853.54,,,0,2025-10-07T00:00:00Z
2025-10-08,etoro_nsdq100,24863.49,25158.81,24824.14,25147.46,,,0,2025-10-08T00:00:00Z
2025-10-09,etoro_nsdq100,25148.21,25190.01,24963.18,25085.07,,,0,2025-10-09T00:00:00Z
2025-10-10,etoro_nsdq100,25111.37,25198.88,24206.66,24264.58,,,0,2025-10-10T00:00:00Z
2025-10-13,etoro_nsdq100,24553.56,24778.89,24439.26,24724.35,,,0,2025-10-13T00:00:00Z
2025-10-14,etoro_nsdq100,24734.34,24865.73,24252.23,24572.16,,,0,2025-10-14T00:00:00Z
2025-10-15,etoro_nsdq100,24582.36,24938.28,24489.93,24768.14,,,0,2025-10-15T00:00:00Z
2025-10-16,etoro_nsdq100,24770.29,25000.77,24474.61,24614.75,,,0,2025-10-16T00:00:00Z
2025-10-17,etoro_nsdq100,24646.3,24881.18,24246.38,24862.24,,,0,2025-10-17T00:00:00Z
2025-10-20,etoro_nsdq100,24916.93,25181.64,24790.84,25152.91,,,0,2025-10-20T00:00:00Z
2025-10-21,etoro_nsdq100,25162.51,25204.61,25036.34,25100.42,,,0,2025-10-21T00:00:00Z
2025-10-22,etoro_nsdq100,25111.32,25175.71,24649.4,24879.38,,,0,2025-10-22T00:00:00Z
2025-10-23,etoro_nsdq100,24863.19,25139.31,24782.79,25118.62,,,0,2025-10-23T00:00:00Z
2025-10-24,etoro_nsdq100,25139.31,25417.04,25137.01,25367,,,0,2025-10-24T00:00:00Z
2025-10-27,etoro_nsdq100,25575.33,25862.66,25551.88,25854.66,,,0,2025-10-27T00:00:00Z
2025-10-28,etoro_nsdq100,25846.31,26084.89,25797.42,26026.1,,,0,2025-10-28T00:00:00Z
2025-10-29,etoro_nsdq100,26028.6,26226.83,25904.91,26080.94,,,0,2025-10-29T00:00:00Z
2025-10-30,etoro_nsdq100,26034.6,26253.53,25709.77,25997.25,,,0,2025-10-30T00:00:00Z
2025-10-31,etoro_nsdq100,26029.29,26134.44,25754.09,25844.16,,,0,2025-10-31T00:00:00Z
2025-11-03,etoro_nsdq100,25889.56,26129.17,25881.96,25978.15,,,0,2025-11-03T00:00:00Z
2025-11-04,etoro_nsdq100,25960.1,25968.35,25392.2,25444.99,,,0,2025-11-04T00:00:00Z
2025-11-05,etoro_nsdq100,25437.74,25750.82,25155.31,25605.38,,,0,2025-11-05T00:00:00Z
2025-11-06,etoro_nsdq100,25625.78,25701.87,25081.07,25192.71,,,0,2025-11-06T00:00:00Z
2025-11-07,etoro_nsdq100,25167.36,25245.01,24600.15,25090.27,,,0,2025-11-07T00:00:00Z
2025-11-10,etoro_nsdq100,25252.3,25653.55,25161.11,25612.68,,,0,2025-11-10T00:00:00Z
2025-11-11,etoro_nsdq100,25617.48,25661.87,25376.72,25549.93,,,0,2025-11-11T00:00:00Z
2025-11-12,etoro_nsdq100,25563.48,25747.16,25386.15,25521.79,,,0,2025-11-12T00:00:00Z
2025-11-13,etoro_nsdq100,25516.64,25617.78,24902.63,24977.23,,,0,2025-11-13T00:00:00Z
2025-11-14,etoro_nsdq100,25013.42,25199.46,24533.33,25062.27,,,0,2025-11-14T00:00:00Z
2025-11-17,etoro_nsdq100,24991.98,25270.55,24648.6,24817.94,,,0,2025-11-17T00:00:00Z
2025-11-18,etoro_nsdq100,24818.58,24872.43,24296.85,24442.56,,,0,2025-11-18T00:00:00Z
2025-11-19,etoro_nsdq100,24476.71,24901.65,24362.97,24868.63,,,0,2025-11-19T00:00:00Z
2025-11-20,etoro_nsdq100,24887.18,25219.06,23989.3,24002.95,,,0,2025-11-20T00:00:00Z
2025-11-21,etoro_nsdq100,24033.8,24517.71,23829.36,24246.28,,,0,2025-11-21T00:00:00Z
2025-11-24,etoro_nsdq100,24440.22,24918,24291.58,24890.83,,,0,2025-11-24T00:00:00Z
2025-11-25,etoro_nsdq100,24904.33,25066.29,24532.11,24995.03,,,0,2025-11-25T00:00:00Z
2025-11-26,etoro_nsdq100,25005.92,25307.85,24994.78,25249.21,,,0,2025-11-26T00:00:00Z
2025-11-28,etoro_nsdq100,25243.06,25443.34,25242.61,25424.04,,,0,2025-11-28T00:00:00Z
2025-12-01,etoro_nsdq100,25451.29,25470.39,25139.21,25347.9,,,0,2025-12-01T00:00:00Z
2025-12-02,etoro_nsdq100,25360.05,25619.3,25276.5,25550.48,,,0,2025-12-02T00:00:00Z
2025-12-03,etoro_nsdq100,25575.18,25637.9,25371.6,25598.78,,,0,2025-12-03T00:00:00Z
2025-12-04,etoro_nsdq100,25605.38,25686.17,25445.26,25578.78,,,0,2025-12-04T00:00:00Z
2025-12-05,etoro_nsdq100,25594.33,25826.04,25538.28,25688.97,,,0,2025-12-05T00:00:00Z
2025-12-08,etoro_nsdq100,25710.72,25819.54,25527.94,25667.77,,,0,2025-12-08T00:00:00Z
2025-12-09,etoro_nsdq100,25671.07,25699.05,25525.09,25644.78,,,0,2025-12-09T00:00:00Z
2025-12-10,etoro_nsdq100,25654.08,25830.51,25498.84,25769.57,,,0,2025-12-10T00:00:00Z
2025-12-11,etoro_nsdq100,25751.92,25831.26,25356.2,25804.36,,,0,2025-12-11T00:00:00Z
2025-12-12,etoro_nsdq100,25693.52,25707.97,25104.17,25183.11,,,0,2025-12-12T00:00:00Z
2025-12-15,etoro_nsdq100,25156.06,25391.15,25011.62,25074.02,,,0,2025-12-15T00:00:00Z
2025-12-16,etoro_nsdq100,25087.62,25188.16,24806.54,25070.22,,,0,2025-12-16T00:00:00Z
2025-12-17,etoro_nsdq100,25099.87,25255.71,24650.98,24721.55,,,0,2025-12-17T00:00:00Z
2025-12-18,etoro_nsdq100,24757.24,25164.51,24665.55,24972.83,,,0,2025-12-18T00:00:00Z
2025-12-19,etoro_nsdq100,24999.97,25360.05,24971.23,25345.1,,,0,2025-12-19T00:00:00Z
2025-12-22,etoro_nsdq100,25414.69,25554.33,25388.75,25460.29,,,0,2025-12-22T00:00:00Z
2025-12-23,etoro_nsdq100,25464.19,25585.78,25374.8,25574.48,,,0,2025-12-23T00:00:00Z
2025-12-24,etoro_nsdq100,25573.53,25664.13,25551.38,25632.13,,,0,2025-12-24T00:00:00Z
2025-12-26,etoro_nsdq100,25653.23,25711.4,25611.83,25638.38,,,0,2025-12-26T00:00:00Z
2025-12-29,etoro_nsdq100,25651.48,25669.47,25435.29,25526.59,,,0,2025-12-29T00:00:00Z
2025-12-30,etoro_nsdq100,25526.84,25576.56,25456.09,25461.64,,,0,2025-12-30T00:00:00Z
2025-12-31,etoro_nsdq100,25474.99,25503.29,25215.46,25216.51,,,0,2025-12-31T00:00:00Z
2026-01-02,etoro_nsdq100,25251.46,25585.53,25080.49,25207.31,,,0,2026-01-02T00:00:00Z
2026-01-05,etoro_nsdq100,25261.71,25519.04,25222.21,25390,,,0,2026-01-05T00:00:00Z
2026-01-06,etoro_nsdq100,25402.89,25649.6,25343.45,25643.28,,,0,2026-01-06T00:00:00Z
2026-01-07,etoro_nsdq100,25641.28,25814.91,25542.18,25656.08,,,0,2026-01-07T00:00:00Z
2026-01-08,etoro_nsdq100,25665.52,25669.32,25395.67,25536.78,,,0,2026-01-08T00:00:00Z
2026-01-09,etoro_nsdq100,25546.68,25810.81,25444.54,25759.47,,,0,2026-01-09T00:00:00Z
2026-01-12,etoro_nsdq100,25742.52,25848.76,25466.19,25769.82,,,0,2026-01-12T00:00:00Z
2026-01-13,etoro_nsdq100,25766.77,25877.95,25638.83,25729.27,,,0,2026-01-13T00:00:00Z
2026-01-14,etoro_nsdq100,25736.47,25760.32,25259.93,25436.04,,,0,2026-01-14T00:00:00Z
2026-01-15,etoro_nsdq100,25427.79,25788.87,25399.29,25543.18,,,0,2026-01-15T00:00:00Z
2026-01-16,etoro_nsdq100,25555.38,25732.02,25439.99,25528.89,,,0,2026-01-16T00:00:00Z
2026-01-20,etoro_nsdq100,25245.21,25286.6,24945.87,24997.43,,,0,2026-01-20T00:00:00Z
2026-01-21,etoro_nsdq100,25004.02,25499.19,24881.78,25360.85,,,0,2026-01-21T00:00:00Z
2026-01-22,etoro_nsdq100,25399.64,25595.63,25339.8,25476.54,,,0,2026-01-22T00:00:00Z
2026-01-23,etoro_nsdq100,25456.44,25710.52,25403.89,25552.38,,,0,2026-01-23T00:00:00Z
2026-01-26,etoro_nsdq100,25321.55,25794.52,25292,25726.67,,,0,2026-01-26T00:00:00Z
2026-01-27,etoro_nsdq100,25720.52,25983.85,25712.07,25975.25,,,0,2026-01-27T00:00:00Z
2026-01-28,etoro_nsdq100,26000.4,26216.53,25870.56,26137.14,,,0,2026-01-28T00:00:00Z
2026-01-29,etoro_nsdq100,26151.54,26164.79,25411.01,25862.66,,,0,2026-01-29T00:00:00Z
2026-01-30,etoro_nsdq100,25883.81,25897.86,25453.62,25533.08,,,0,2026-01-30T00:00:00Z
2026-02-02,etoro_nsdq100,25380.4,25833.14,25064.12,25757.27,,,0,2026-02-02T00:00:00Z
2026-02-03,etoro_nsdq100,25771.37,25913.76,25110.04,25307.5,,,0,2026-02-03T00:00:00Z
2026-02-04,etoro_nsdq100,25278.4,25408.44,24678.4,25016.12,,,0,2026-02-04T00:00:00Z
2026-02-05,etoro_nsdq100,24963.48,25068.61,24307.28,24331.28,,,0,2026-02-05T00:00:00Z
2026-02-06,etoro_nsdq100,24339.62,25129.97,24146.28,25017.87,,,0,2026-02-06T00:00:00Z
2026-02-09,etoro_nsdq100,25100.17,25338.25,24867.88,25272.5,,,0,2026-02-09T00:00:00Z
2026-02-10,etoro_nsdq100,25293.4,25360.65,25112.67,25167.71,,,0,2026-02-10T00:00:00Z
2026-02-11,etoro_nsdq100,25179.36,25379.62,24977.42,25202.81,,,0,2026-02-11T00:00:00Z
2026-02-12,etoro_nsdq100,25187.26,25337.55,24640.95,24737.44,,,0,2026-02-12T00:00:00Z
2026-02-13,etoro_nsdq100,24748.69,24922.4,24507.69,24708.35,,,0,2026-02-13T00:00:00Z
2026-02-17,etoro_nsdq100,24684.45,24819.06,24381.42,24701.95,,,0,2026-02-17T00:00:00Z
2026-02-18,etoro_nsdq100,24701.25,25062.45,24635.8,24865.38,,,0,2026-02-18T00:00:00Z
2026-02-19,etoro_nsdq100,24886.33,24985.28,24683.52,24768.84,,,0,2026-02-19T00:00:00Z
2026-02-20,etoro_nsdq100,24770.64,25078.24,24622.68,25006.72,,,0,2026-02-20T00:00:00Z
2026-02-23,etoro_nsdq100,24985.28,24994.23,24608.8,24728.95,,,0,2026-02-23T00:00:00Z
2026-02-24,etoro_nsdq100,24743.54,25020.97,24641.9,24964.93,,,0,2026-02-24T00:00:00Z
2026-02-25,etoro_nsdq100,24963.38,25440.69,24941.58,25407.54,,,0,2026-02-25T00:00:00Z
2026-02-26,etoro_nsdq100,25355.55,25368.15,24817.89,24981.07,,,0,2026-02-26T00:00:00Z
2026-02-27,etoro_nsdq100,24969.83,25055.62,24739.37,24919.03,,,0,2026-02-27T00:00:00Z
2026-03-02,etoro_nsdq100,24683.94,25056.8,24436.17,24952.38,,,0,2026-03-02T00:00:00Z
2026-03-03,etoro_nsdq100,24940.73,24960.38,24315.32,24671.04,,,0,2026-03-03T00:00:00Z
2026-03-04,etoro_nsdq100,24667.19,25178.16,24463.51,25092.51,,,0,2026-03-04T00:00:00Z
2026-03-05,etoro_nsdq100,25110.16,25205.2,24740.69,24966.82,,,0,2026-03-05T00:00:00Z
2026-03-06,etoro_nsdq100,24978.07,25110.11,24576.95,24602.45,,,0,2026-03-06T00:00:00Z
2026-03-09,etoro_nsdq100,24273.82,25021.57,23972.5,24936.02,,,0,2026-03-09T00:00:00Z
2026-03-10,etoro_nsdq100,24928.18,25187.76,24803.78,24975.72,,,0,2026-03-10T00:00:00Z
2026-03-11,etoro_nsdq100,24972.32,25150.91,24848.98,24921.38,,,0,2026-03-11T00:00:00Z
2026-03-12,etoro_nsdq100,24901.53,24906.58,24493.06,24545.25,,,0,2026-03-12T00:00:00Z
2026-03-13,etoro_nsdq100,24535.05,24786.84,24333.32,24349.32,,,0,2026-03-13T00:00:00Z
2026-03-16,etoro_nsdq100,24347.52,24794.84,24279.77,24632.8,,,0,2026-03-16T00:00:00Z
2026-03-17,etoro_nsdq100,24626.2,24876.98,24500.76,24790.34,,,0,2026-03-17T00:00:00Z
2026-03-18,etoro_nsdq100,24783.14,24976.42,24340.32,24387.77,,,0,2026-03-18T00:00:00Z
2026-03-19,etoro_nsdq100,24382.82,24499.56,24105.94,24395.37,,,0,2026-03-19T00:00:00Z
2026-03-20,etoro_nsdq100,24420.21,24445.26,23756.56,23918.7,,,0,2026-03-20T00:00:00Z
2026-03-23,etoro_nsdq100,23740.96,24546.55,23559.18,24183.68,,,0,2026-03-23T00:00:00Z
2026-03-24,etoro_nsdq100,24170.93,24332.77,23919.9,24193.93,,,0,2026-03-24T00:00:00Z
2026-03-25,etoro_nsdq100,24224.33,24328.37,24076.44,24155.18,,,0,2026-03-25T00:00:00Z
2026-03-26,etoro_nsdq100,24136.48,24211.58,23561.68,23619.52,,,0,2026-03-26T00:00:00Z
2026-03-27,etoro_nsdq100,23650.62,23780.16,23046.72,23073.06,,,0,2026-03-27T00:00:00Z
2026-03-30,etoro_nsdq100,22998.97,23351.89,22838.83,22917.68,,,0,2026-03-30T00:00:00Z
2026-03-31,etoro_nsdq100,22944.92,23788.66,22782.29,23712.22,,,0,2026-03-31T00:00:00Z
2026-04-01,etoro_nsdq100,23732.31,24160.53,23723.62,24005.19,,,0,2026-04-01T00:00:00Z
2026-04-02,etoro_nsdq100,24000.94,24085.54,23490.13,24039.04,,,0,2026-04-02T00:00:00Z
2026-04-06,etoro_nsdq100,23869,24269.12,23808.01,24171.68,,,0,2026-04-06T00:00:00Z
2026-04-07,etoro_nsdq100,24180.68,24277.67,23774.46,24228.43,,,0,2026-04-07T00:00:00Z
2026-04-08,etoro_nsdq100,24433.31,25083.91,24400.26,24866.58,,,0,2026-04-08T00:00:00Z
2026-04-09,etoro_nsdq100,24884.33,25094.96,24780.89,25062.12,,,0,2026-04-09T00:00:00Z
2026-04-10,etoro_nsdq100,25067.36,25225.6,25028.42,25136.21,,,0,2026-04-10T00:00:00Z
2026-04-13,etoro_nsdq100,24818.13,25419.84,24756.14,25417.59,,,0,2026-04-13T00:00:00Z
2026-04-14,etoro_nsdq100,25408.49,25832.31,25400.49,25822.06,,,0,2026-04-14T00:00:00Z
2026-04-15,etoro_nsdq100,25813.61,26209.78,25768.76,26192.23,,,0,2026-04-15T00:00:00Z
2026-04-16,etoro_nsdq100,26188.93,26398.86,26116.24,26307.12,,,0,2026-04-16T00:00:00Z
2026-04-17,etoro_nsdq100,26295.52,26718.49,26289.52,26660.5,,,0,2026-04-17T00:00:00Z
2026-04-20,etoro_nsdq100,26400.11,26665.39,26394.62,26616.5,,,0,2026-04-20T00:00:00Z
2026-04-21,etoro_nsdq100,26615.65,26743.54,26397.17,26578.5,,,0,2026-04-21T00:00:00Z
2026-04-22,etoro_nsdq100,26588.85,26982.17,26580.9,26954.97,,,0,2026-04-22T00:00:00Z
2026-04-23,etoro_nsdq100,26931.62,27004.92,26535.35,26797.49,,,0,2026-04-23T00:00:00Z
2026-04-24,etoro_nsdq100,26872.53,27316.05,26867.38,27276.85,,,0,2026-04-24T00:00:00Z
2026-04-27,etoro_nsdq100,27242.85,27402.74,27162.06,27281.35,,,0,2026-04-27T00:00:00Z
2026-04-28,etoro_nsdq100,27303.3,27376.34,26875.48,27050.97,,,0,2026-04-28T00:00:00Z
2026-04-29,etoro_nsdq100,27077.51,27271,26960.07,27017.57,,,0,2026-04-29T00:00:00Z
2026-04-30,etoro_nsdq100,27100.56,27487.73,27029.12,27465.73,,,0,2026-04-30T00:00:00Z
2026-05-01,etoro_nsdq100,27490.28,27788.76,27404.94,27674.12,,,0,2026-05-01T00:00:00Z
2026-05-04,etoro_nsdq100,27761.31,27843.01,27498.23,27623.62,,,0,2026-05-04T00:00:00Z
2026-05-05,etoro_nsdq100,27648.42,28123.29,27613.12,28087.09,,,0,2026-05-05T00:00:00Z
2026-05-06,etoro_nsdq100,28125.59,28680.04,28124.79,28586.35,,,0,2026-05-06T00:00:00Z
2026-05-07,etoro_nsdq100,28544.8,28822.98,28432.41,28515.81,,,0,2026-05-07T00:00:00Z
2026-05-08,etoro_nsdq100,28461.76,29267.4,28457.86,29231.5,,,0,2026-05-08T00:00:00Z
2026-05-11,etoro_nsdq100,29156.56,29368.04,29116.26,29280.7,,,0,2026-05-11T00:00:00Z
2026-05-12,etoro_nsdq100,29306.85,29342.29,28631.3,29029.02,,,0,2026-05-12T00:00:00Z
2026-05-13,etoro_nsdq100,29029.82,29453.44,28949.82,29422.49,,,0,2026-05-13T00:00:00Z
2026-05-14,etoro_nsdq100,29428.09,29674.52,29339.29,29573.58,,,0,2026-05-14T00:00:00Z
2026-05-15,etoro_nsdq100,29602.32,29633.57,28992.32,29075.51,,,0,2026-05-15T00:00:00Z
2026-05-18,etoro_nsdq100,29121.11,29317,28714.34,28980.07,,,0,2026-05-18T00:00:00Z
2026-05-19,etoro_nsdq100,29030.47,29087.61,28565.85,28794.94,,,0,2026-05-19T00:00:00Z
2026-05-20,etoro_nsdq100,28826.13,29302.55,28703.74,29192.81,,,0,2026-05-20T00:00:00Z
2026-05-21,etoro_nsdq100,29169.01,29460.69,29022.62,29359.69,,,0,2026-05-21T00:00:00Z
2026-05-22,etoro_nsdq100,29373.24,29669.57,29355.99,29469.38,,,0,2026-05-22T00:00:00Z
2026-05-26,etoro_nsdq100,29847.26,30041.14,29670.67,29966.55,,,0,2026-05-26T00:00:00Z
2026-05-27,etoro_nsdq100,29995.6,30301.82,29804.31,30041.64,,,0,2026-05-27T00:00:00Z
2026-05-28,etoro_nsdq100,30045.14,30261.88,29691.97,30227.33,,,0,2026-05-28T00:00:00Z
2026-05-29,etoro_nsdq100,30271.37,30468.96,30140.03,30319.62,,,0,2026-05-29T00:00:00Z
2026-06-01,etoro_nsdq100,30369.02,30635.15,30226.43,30469.31,,,0,2026-06-01T00:00:00Z
2026-06-02,etoro_nsdq100,30459.21,30711.99,30263.03,30694.24,,,0,2026-06-02T00:00:00Z
2026-06-03,etoro_nsdq100,30680.64,30756.69,30415.41,30432.01,,,0,2026-06-03T00:00:00Z
2026-06-04,etoro_nsdq100,30395.02,30538.95,30091.89,30346.72,,,0,2026-06-04T00:00:00Z
2026-06-05,etoro_nsdq100,30352.02,30358.62,28753.34,28818.33,,,0,2026-06-05T00:00:00Z
2026-06-08,etoro_nsdq100,28861.23,29696.97,28828.63,29388.69,,,0,2026-06-08T00:00:00Z
2026-06-09,etoro_nsdq100,29418.19,29801.51,28188.03,29090.11,,,0,2026-06-09T00:00:00Z
2026-06-10,etoro_nsdq100,29029.77,29208.75,28371.12,28420.06,,,0,2026-06-10T00:00:00Z
2026-06-11,etoro_nsdq100,28415.96,29503.83,28227.03,29397.19,,,0,2026-06-11T00:00:00Z
2026-06-12,etoro_nsdq100,29456.49,29735.06,29206.25,29660.17,,,0,2026-06-12T00:00:00Z
2026-06-15,etoro_nsdq100,30013.69,30585.95,29943.65,30508.31,,,0,2026-06-15T00:00:00Z
2026-06-16,etoro_nsdq100,30538.2,30650.1,29937.25,29962.25,,,0,2026-06-16T00:00:00Z
2026-06-17,etoro_nsdq100,30017.94,30248.83,29603.52,29814.06,,,0,2026-06-17T00:00:00Z
2026-06-18,etoro_nsdq100,29827.96,30458.21,29780.06,30394.62,,,0,2026-06-18T00:00:00Z
2026-06-22,etoro_nsdq100,30266.07,30650.2,30013.44,30356.52,,,0,2026-06-22T00:00:00Z
2026-06-23,etoro_nsdq100,30359.32,30387.32,29272.3,29435.59,,,0,2026-06-23T00:00:00Z
2026-06-24,etoro_nsdq100,29465.88,29851.06,28959.52,29785.56,,,0,2026-06-24T00:00:00Z
2026-06-25,etoro_nsdq100,29812.81,29960.85,28991.07,29451.79,,,0,2026-06-25T00:00:00Z
2026-06-26,etoro_nsdq100,29459.39,29591.73,28864.93,29047.82,,,0,2026-06-26T00:00:00Z
2026-06-29,etoro_nsdq100,29016.92,29786.11,28987.47,29725.77,,,0,2026-06-29T00:00:00Z
2026-06-30,etoro_nsdq100,29709.07,30323.97,29655.77,30223.13,,,0,2026-06-30T00:00:00Z
2026-07-01,etoro_nsdq100,30249.43,30283.22,29740.96,29793.96,,,0,2026-07-01T00:00:00Z
2026-07-02,etoro_nsdq100,29832.11,30055.99,29084.36,29309.3,,,0,2026-07-02T00:00:00Z
2026-07-06,etoro_nsdq100,29667.97,29844.31,29440.69,29713.27,,,0,2026-07-06T00:00:00Z
2026-07-07,etoro_nsdq100,29726.72,29733.66,28972.97,29185.01,,,0,2026-07-07T00:00:00Z
2026-07-08,etoro_nsdq100,29094.46,29324.8,28680.54,29176.21,,,0,2026-07-08T00:00:00Z
2026-07-09,etoro_nsdq100,29208.1,29772.11,29179.56,29710.37,,,0,2026-07-09T00:00:00Z
2026-07-10,etoro_nsdq100,29712.62,29856.06,29508.68,29836.26,,,0,2026-07-10T00:00:00Z
2026-07-13,etoro_nsdq100,29742.76,29824.56,29180.31,29222.25,,,0,2026-07-13T00:00:00Z
2026-07-14,etoro_nsdq100,29261.75,29690.32,29095.31,29595.48,,,0,2026-07-14T00:00:00Z
2026-07-15,etoro_nsdq100,29593.48,29859.96,29193.36,29510.08,,,0,2026-07-15T00:00:00Z
2026-07-16,etoro_nsdq100,29516.58,29594.68,28879.48,28977.32,,,0,2026-07-16T00:00:00Z
2026-07-17,etoro_nsdq100,29018.37,29027.27,28216.78,28565.85,,,0,2026-07-17T00:00:00Z
2026-07-20,etoro_nsdq100,28627.7,29009.82,28530.16,28600.05,,,0,2026-07-20T00:00:00Z
2026-07-21,etoro_nsdq100,28602.05,29188.86,28525.21,29113.91,,,0,2026-07-21T00:00:00Z
2026-07-22,etoro_nsdq100,29127.11,29174.16,28829.23,29014.07,,,0,2026-07-22T00:00:00Z
2026-07-23,etoro_nsdq100,28968.97,29114.41,28271.72,28574.45,,,0,2026-07-23T00:00:00Z
2026-07-24,etoro_nsdq100,28529.06,28571.15,28051.84,28141.18,,,0,2026-07-24T00:00:00Z
2026-07-27,etoro_nsdq100,28452.76,28602.45,27780.16,28041.59,,,0,2026-07-27T00:00:00Z
2026-07-28,etoro_nsdq100,28058.99,28060.39,27454.49,27805.41,,,0,2026-07-28T00:00:00Z
2026-07-29,etoro_nsdq100,27829.41,28025.49,27061.57,27132.06,,,0,2026-07-29T00:00:00Z
2026-07-30,etoro_nsdq100,27139.76,28272.07,27133.66,28208.78,,,0,2026-07-30T00:00:00Z
2026-07-31,etoro_nsdq100,28211.78,28598.7,27956.25,28247.48,,,0,2026-07-31T00:00:00Z
2026-08-03,etoro_nsdq100,28486.76,28841.28,28191.63,28806.83,,,0,2026-08-03T00:00:00Z
2026-08-04,etoro_nsdq100,28812.03,29829.41,28715.74,29696.07,,,0,2026-08-04T00:00:00Z
2026-08-05,etoro_nsdq100,29683.77,29949.6,29406.69,29467.98,,,0,2026-08-05T00:00:00Z
2026-08-06,etoro_nsdq100,29462.79,29567.63,29118.66,29379.19,,,0,2026-08-06T00:00:00Z
2026-08-07,etoro_nsdq100,29409.59,29748.96,29340.59,29689.07,,,0,2026-08-07T00:00:00Z
2026-08-10,etoro_nsdq100,29766.1,29872.6,29607.75,29650.3,,,0,2026-08-10T00:00:00Z
2026-08-11,etoro_nsdq100,29670.2,29772.6,29425.3,29537.7,,,0,2026-08-11T00:00:00Z
2026-08-12,etoro_nsdq100,29535.2,29889.7,29517.4,29700.2,,,0,2026-08-12T00:00:00Z
2026-08-13,etoro_nsdq100,29717.7,30170,29675.3,30108.1,,,0,2026-08-13T00:00:00Z
2026-08-14,etoro_nsdq100,30092.8,30183.5,29934.2,30030.1,,,0,2026-08-14T00:00:00Z
2026-08-17,etoro_nsdq100,30074.6,30242.8,29957.9,29975.8,,,0,2026-08-17T00:00:00Z
2026-08-18,etoro_nsdq100,29991.1,30026.9,29423.2,29466.6,,,0,2026-08-18T00:00:00Z
2026-08-19,etoro_nsdq100,29484.7,29664.1,29286.7,29464.2,,,0,2026-08-19T00:00:00Z
2026-08-20,etoro_nsdq100,29479.6,29595.7,29117.3,29215.7,,,0,2026-08-20T00:00:00Z
2026-08-21,etoro_nsdq100,29251.3,29452.1,29142.3,29294.4,,,0,2026-08-21T00:00:00Z
2026-08-24,etoro_nsdq100,29330,29398.5,28868.8,29049.4,,,0,2026-08-24T00:00:00Z
2026-08-25,etoro_nsdq100,29049.7,29334.8,28939.2,29212.4,,,0,2026-08-25T00:00:00Z
2026-08-26,etoro_nsdq100,29232.8,29362.4,29028.3,29358.3,,,0,2026-08-26T00:00:00Z
2026-08-27,etoro_nsdq100,29358,29644.1,29335.4,29568.3,,,0,2026-08-27T00:00:00Z
2026-08-28,etoro_nsdq100,29568.1,29754.8,29384.3,29453.1,,,0,2026-08-28T00:00:00Z
2026-08-31,etoro_nsdq100,29515,29515,29218.9,29461.7,,,0,2026-08-31T00:00:00Z
2026-09-01,etoro_nsdq100,29458.1,29517.8,28953.7,29085,,,0,2026-09-01T00:00:00Z
2026-09-02,etoro_nsdq100,29091,29164.9,28879.2,29090.7,,,0,2026-09-02T00:00:00Z
2026-09-03,etoro_nsdq100,29090.7,29538.2,29030.6,29454.3,,,0,2026-09-03T00:00:00Z
2026-09-04,etoro_nsdq100,29454.5,29654.6,29434.2,29493,,,0,2026-09-04T00:00:00Z
2026-09-08,etoro_nsdq100,29563.8,29735.1,29397.2,29495.2,,,0,2026-09-08T00:00:00Z
2026-09-09,etoro_nsdq100,29495.6,29605.7,29305.3,29426.9,,,0,2026-09-09T00:00:00Z
2026-09-10,etoro_nsdq100,29417.7,29476.9,29013.5,29109.4,,,0,2026-09-10T00:00:00Z
2026-09-11,etoro_nsdq100,29121.5,29478.6,29018.9,29366.9,,,0,2026-09-11T00:00:00Z
2026-09-14,etoro_nsdq100,29064.1,29284.1,28795.7,29168.3,,,0,2026-09-14T00:00:00Z
2026-09-15,etoro_nsdq100,29156.2,29175.9,28901.3,28965.3,,,0,2026-09-15T00:00:00Z
2026-09-16,etoro_nsdq100,28945.9,29239.3,28749.2,28955,,,0,2026-09-16T00:00:00Z
2026-09-17,etoro_nsdq100,28968.1,29492.2,28941.3,29421.1,,,0,2026-09-17T00:00:00Z
2026-09-18,etoro_nsdq100,29437,29694.6,29356.5,29653,,,0,2026-09-18T00:00:00Z
2026-09-21,etoro_nsdq100,29596,30556.8,29596,30476.8,,,0,2026-09-21T00:00:00Z
2026-09-22,etoro_nsdq100,30494.3,30767.5,30371.7,30699.7,,,0,2026-09-22T00:00:00Z
2026-09-23,etoro_nsdq100,30713.4,30799.7,30348.3,30474.4,,,0,2026-09-23T00:00:00Z
2026-09-24,etoro_nsdq100,30481,30536.7,30074.3,30445.1,,,0,2026-09-24T00:00:00Z
2026-09-25,etoro_nsdq100,30438.5,30714.2,30402.3,30636.5,,,0,2026-09-25T00:00:00Z
2026-09-28,etoro_nsdq100,30628.7,30637.4,30080.5,30273,,,0,2026-09-28T00:00:00Z
2026-09-29,etoro_nsdq100,30290.1,30436.4,30090.3,30372.1,,,0,2026-09-29T00:00:00Z
2026-09-30,etoro_nsdq100,30383.8,30634.3,30235.3,30449.1,,,0,2026-09-30T00:00:00Z
2026-10-01,etoro_nsdq100,30422.2,30874.8,30258.4,30494.9,,,0,2026-10-01T00:00:00Z
2026-10-02,etoro_nsdq100,30504.7,31017.2,30496.4,30791.9,,,0,2026-10-02T00:00:00Z
2026-10-05,etoro_nsdq100,30852.8,31118.7,30706.4,31087.9,,,0,2026-10-05T00:00:00Z
2026-10-06,etoro_nsdq100,31095,31365.1,31060.7,31248.9,,,0,2026-10-06T00:00:00Z
2026-10-07,etoro_nsdq100,31269.4,31272.4,30899,31154.9,,,0,2026-10-07T00:00:00Z
2026-10-08,etoro_nsdq100,31151.4,31219.4,30550.3,30786,,,0,2026-10-08T00:00:00Z
2026-10-09,etoro_nsdq100,30778.7,31036.2,30723.6,30893.3,,,0,2026-10-09T00:00:00Z
